location,collected by,date,gps,cover,height,common,spp_code,spp,notes,name,OID_,CID,POINT_X,POINT_Y,OID_1,height_class,height_class_range,percent_cover_range,type
heron,finn,5/27/2023,hrn3114,1,1,NA,NA,NA,trans 4 -> HERG nest ~3m out of range,hrn3114,3114,86,-68.47148884,44.09936843000003,NA,1,0-0.15,0-0.01,NA
heron,finn,5/27/2023,hrn2936,1,1,NA,NA,NA,"1) HERG nest w/ 3 eggs just out of range, 2) HERG w/ 2 1m off, 1 w/in radius (don't want to double count)",hrn2936,2936,86,-68.47157844,44.09919752600007,NA,1,0-0.15,0-0.01,NA
heron,finn,5/27/2023,hrn3058,100,2,valerian,val off,Valeriana officinalis,NA,hrn3058,3058,86,-68.47104787,44.10110720100005,NA,2,0.15-0.30,0.76-1.00,herb
heron,finn,5/27/2023,hrn3058,100,2,dandelion,tar off,Taraxacum officinale,(drawing on datasheet of leaf margin),hrn3058,3058,86,-68.47104787,44.10110720100005,NA,2,0.15-0.30,0.76-1.00,herb
heron,finn,5/27/2023,hrn3058,100,2,stinging nettle,urt dio,Urtica dioica,NA,hrn3058,3058,86,-68.47104787,44.10110720100005,NA,2,0.15-0.30,0.76-1.00,herb
heron,finn,5/27/2023,hrn3058,100,2,strawberry,fra vir,Fragaria virginiana,NA,hrn3058,3058,86,-68.47104787,44.10110720100005,NA,2,0.15-0.30,0.76-1.00,herb
heron,finn,5/27/2023,hrn3058,100,2,unknown,unk,Cerastium arvense,NA,hrn3058,3058,86,-68.47104787,44.10110720100005,NA,2,0.15-0.30,0.76-1.00,herb
heron,finn,5/27/2023,hrn3058,100,2,corn speedwell,ver arv,Veronica arvensis,NA,hrn3058,3058,86,-68.47104787,44.10110720100005,NA,2,0.15-0.30,0.76-1.00,herb
heron,finn,5/27/2023,hrn3058,100,2,unknown,unk,Solidago puberula,NA,hrn3058,3058,86,-68.47104787,44.10110720100005,NA,2,0.15-0.30,0.76-1.00,NA
heron,finn,5/27/2023,hrn3058,100,2,bittersweet nightshade,sol dul,Solanum dulcamara,NA,hrn3058,3058,86,-68.47104787,44.10110720100005,NA,2,0.15-0.30,0.76-1.00,vine
heron,finn,5/27/2023,hrn3058,100,2,unknown,unk,Cirsium vulgare,NA,hrn3058,3058,86,-68.47104787,44.10110720100005,NA,2,0.15-0.30,0.76-1.00,herb
heron,finn,5/27/2023,hrn3058,100,2,hedge bindweed,cal sep,Calystegia sepium,NA,hrn3058,3058,86,-68.47104787,44.10110720100005,NA,2,0.15-0.30,0.76-1.00,vine
heron,finn,5/27/2023,hrn3077,100,2,unknown,unk,Cirsium vulgare,NA,hrn3077,3077,86,-68.47075498,44.10052655700008,NA,2,0.15-0.30,0.76-1.00,herb
heron,finn,5/27/2023,hrn3077,100,2,hedge bindweed,cal sep,Calystegia sepium,NA,hrn3077,3077,86,-68.47075498,44.10052655700008,NA,2,0.15-0.30,0.76-1.00,vine
heron,finn,5/27/2023,hrn3077,100,2,unknown,unk,Poa trivialis,NA,hrn3077,3077,86,-68.47075498,44.10052655700008,NA,2,0.15-0.30,0.76-1.00,NA
heron,finn,5/27/2023,hrn3077,100,2,unknown,unk,Solidago puberula,NA,hrn3077,3077,86,-68.47075498,44.10052655700008,NA,2,0.15-0.30,0.76-1.00,NA
heron,finn,5/27/2023,hrn3077,100,2,stinging nettle,urt dio,Urtica dioica,NA,hrn3077,3077,86,-68.47075498,44.10052655700008,NA,2,0.15-0.30,0.76-1.00,herb
heron,finn,5/27/2023,hrn3077,100,2,white clover,tri rep,Trifolium repens,NA,hrn3077,3077,86,-68.47075498,44.10052655700008,NA,2,0.15-0.30,0.76-1.00,herb
heron,finn,5/27/2023,hrn3077,100,2,dandelion,tar off,Taraxacum officinale,NA,hrn3077,3077,86,-68.47075498,44.10052655700008,NA,2,0.15-0.30,0.76-1.00,herb
heron,finn,5/27/2023,hrn3077,100,2,unknown,unk,Cerastium arvense,NA,hrn3077,3077,86,-68.47075498,44.10052655700008,NA,2,0.15-0.30,0.76-1.00,herb
heron,finn,5/27/2023,hrn2914,100,3,buttercup,ran acr,Ranunculus acris,NA,hrn2914,2914,86,-68.47313019,44.10264128200003,NA,3,0.30-1,0.76-1.00,herb
heron,finn,5/27/2023,hrn2914,100,3,dandelion,tar off,Taraxacum officinale,(drawing on datasheet of leaf margin),hrn2914,2914,86,-68.47313019,44.10264128200003,NA,3,0.30-1,0.76-1.00,herb
heron,finn,5/27/2023,hrn2914,100,3,unknown,unk,Solidago puberula,NA,hrn2914,2914,86,-68.47313019,44.10264128200003,NA,3,0.30-1,0.76-1.00,NA
heron,finn,5/27/2023,hrn2914,100,3,unknown,unk,Poa pratensis,NA,hrn2914,2914,86,-68.47313019,44.10264128200003,NA,3,0.30-1,0.76-1.00,gram
heron,finn,5/27/2023,hrn2914,100,3,marsh vetch,lat pal,Lathyrus palustris,(lat pal marsh vetch),hrn2914,2914,86,-68.47313019,44.10264128200003,NA,3,0.30-1,0.76-1.00,vine
heron,finn,5/27/2023,hrn2914,100,3,unknown,unk,Rubus idaeus,NA,hrn2914,2914,86,-68.47313019,44.10264128200003,NA,3,0.30-1,0.76-1.00,shrub
heron,finn,5/27/2023,hrn2914,100,3,unknown,unk,Alopecurus pratensis,edge of colony,hrn2914,2914,86,-68.47313019,44.10264128200003,NA,3,0.30-1,0.76-1.00,NA
heron,finn,5/27/2023,hrn3215,100,3,unknown,unk,Rubus idaeus,NA,hrn3215,3215,86,-68.47299464,44.102692113000046,NA,3,0.30-1,0.76-1.00,shrub
heron,finn,5/27/2023,hrn3215,100,3,unknown,unk,Alopecurus pratensis,NA,hrn3215,3215,86,-68.47299464,44.102692113000046,NA,3,0.30-1,0.76-1.00,NA
heron,finn,5/27/2023,hrn3215,100,3,stinging nettle,urt dio,Urtica dioica,NA,hrn3215,3215,86,-68.47299464,44.102692113000046,NA,3,0.30-1,0.76-1.00,herb
heron,finn,5/27/2023,hrn3215,100,3,unknown,unk,Poa trivialis,NA,hrn3215,3215,86,-68.47299464,44.102692113000046,NA,3,0.30-1,0.76-1.00,NA
heron,finn,5/27/2023,hrn3215,100,3,unknown,unk,Solidago sempervirens,NA,hrn3215,3215,86,-68.47299464,44.102692113000046,NA,3,0.30-1,0.76-1.00,herb
heron,finn,5/27/2023,hrn3215,100,3,hedge bindweed,cal sep,Calystegia sepium,NA,hrn3215,3215,86,-68.47299464,44.102692113000046,NA,3,0.30-1,0.76-1.00,vine
heron,finn,5/27/2023,hrn3215,100,3,unknown,unk,Galium sylvaticum,NA,hrn3215,3215,86,-68.47299464,44.102692113000046,NA,3,0.30-1,0.76-1.00,NA
heron,finn,5/27/2023,hrn2772,25,2,hedge bindweed,cal sep,Calystegia sepium,NA,hrn2772,2772,86,-68.47282886,44.10276127900005,NA,2,0.15-0.30,0.06-0.25,vine
heron,finn,5/27/2023,hrn2772,25,2,broadleaf plantain,pla maj,Plantago major,NA,hrn2772,2772,86,-68.47282886,44.10276127900005,NA,2,0.15-0.30,0.06-0.25,herb
heron,finn,5/27/2023,hrn2772,25,2,unknown,unk,Fragaria virginiana,NA,hrn2772,2772,86,-68.47282886,44.10276127900005,NA,2,0.15-0.30,0.06-0.25,herb
heron,finn,5/27/2023,hrn2772,25,2,unknown,unk,Poa sp.,NA,hrn2772,2772,86,-68.47282886,44.10276127900005,NA,2,0.15-0.30,0.06-0.25,gram
heron,finn,5/27/2023,hrn2772,25,2,beach vetchling,lat jap,Lathyrus japonicus,NA,hrn2772,2772,86,-68.47282886,44.10276127900005,NA,2,0.15-0.30,0.06-0.25,vine
heron,finn,5/27/2023,hrn3322,75,2,unknown,unk,Fragaria virginiana,(on edge of height class 3),hrn3322,3322,86,-68.47102922,44.10143942900004,NA,2,0.15-0.30,0.51-0.75,herb
heron,finn,5/27/2023,hrn3322,75,2,unknown,unk,Solidago puberula,NA,hrn3322,3322,86,-68.47102922,44.10143942900004,NA,2,0.15-0.30,0.51-0.75,NA
heron,finn,5/27/2023,hrn3322,75,2,unknown,unk,Solidago sempervirens,NA,hrn3322,3322,86,-68.47102922,44.10143942900004,NA,2,0.15-0.30,0.51-0.75,herb
heron,finn,5/27/2023,hrn3322,75,2,unknown,unk,Cerastium arvense,NA,hrn3322,3322,86,-68.47102922,44.10143942900004,NA,2,0.15-0.30,0.51-0.75,herb
heron,finn,5/27/2023,hrn3322,75,2,northern blue flag,iri ver,Iris versicolor,NA,hrn3322,3322,86,-68.47102922,44.10143942900004,NA,2,0.15-0.30,0.51-0.75,herb
heron,finn,5/27/2023,hrn3322,75,2,unknown,unk,Alopecurus pratensis,NA,hrn3322,3322,86,-68.47102922,44.10143942900004,NA,2,0.15-0.30,0.51-0.75,NA
heron,finn,5/27/2023,hrn3322,75,2,unknown,unk,Scutellaria galericulata,NA,hrn3322,3322,86,-68.47102922,44.10143942900004,NA,2,0.15-0.30,0.51-0.75,herb
heron,finn,5/27/2023,hrn2911,1,1,NA,NA,NA,lots of Solanum dulcamara on this section just outside plot,hrn2911,2911,86,-68.4716956,44.09915188100006,NA,1,0-0.15,0-0.01,NA
heron,finn,5/27/2023,hrn2970,100,3,unknown,unk,Alopecurus pratensis,NA,hrn2970,2970,86,-68.47220235,44.099041208000074,NA,3,0.30-1,0.76-1.00,NA
heron,finn,5/27/2023,hrn2970,100,3,stinging nettle,urt dio,Urtica dioica,NA,hrn2970,2970,86,-68.47220235,44.099041208000074,NA,3,0.30-1,0.76-1.00,herb
heron,finn,5/27/2023,hrn2970,100,3,bittersweet nightshade,sol dul,Solanum dulcamara,NA,hrn2970,2970,86,-68.47220235,44.099041208000074,NA,3,0.30-1,0.76-1.00,vine
heron,finn,5/27/2023,hrn2694,100,3,unknown,unk,Alopecurus pratensis,NA,hrn2694,2694,86,-68.47459392,44.09918836700007,NA,3,0.30-1,0.76-1.00,NA
heron,finn,5/27/2023,hrn2694,100,3,unknown,unk,Solidago sempervirens,NA,hrn2694,2694,86,-68.47459392,44.09918836700007,NA,3,0.30-1,0.76-1.00,herb
heron,finn,5/27/2023,hrn2694,100,3,unknown,unk,Scutellaria galericulata,NA,hrn2694,2694,86,-68.47459392,44.09918836700007,NA,3,0.30-1,0.76-1.00,herb
heron,finn,5/27/2023,hrn2694,100,3,unknown,unk,Solidago puberula,NA,hrn2694,2694,86,-68.47459392,44.09918836700007,NA,3,0.30-1,0.76-1.00,NA
heron,finn,5/27/2023,hrn2694,100,3,strawberry,fra vir,Fragaria virginiana,NA,hrn2694,2694,86,-68.47459392,44.09918836700007,NA,3,0.30-1,0.76-1.00,herb
heron,finn,5/27/2023,hrn2694,100,3,kentucky bluegrass,poa pra,Poa pratensis,NA,hrn2694,2694,86,-68.47459392,44.09918836700007,NA,3,0.30-1,0.76-1.00,gram
heron,finn,5/27/2023,hrn2694,100,3,buttercup,ran acr,Ranunculus acris,NA,hrn2694,2694,86,-68.47459392,44.09918836700007,NA,3,0.30-1,0.76-1.00,herb
heron,finn,5/27/2023,hrn2694,100,3,valerian,val off,Valeriana officinalis,NA,hrn2694,2694,86,-68.47459392,44.09918836700007,NA,3,0.30-1,0.76-1.00,herb
heron,finn,5/27/2023,hrn2749,50,2,silverweed,pot ans,Potentilla anserina,NA,hrn2749,2749,86,-68.47517391,44.099172589000034,NA,2,0.15-0.30,0.26-0.50,herb
heron,finn,5/27/2023,hrn2749,50,2,beach vetchling,lat jap,Lathyrus japonicus,NA,hrn2749,2749,86,-68.47517391,44.099172589000034,NA,2,0.15-0.30,0.26-0.50,vine
heron,finn,5/27/2023,hrn2749,50,2,unknown,unk,Solidago puberula,NA,hrn2749,2749,86,-68.47517391,44.099172589000034,NA,2,0.15-0.30,0.26-0.50,NA
heron,finn,5/27/2023,hrn2749,50,2,unknown,unk,Solidago sempervirens,NA,hrn2749,2749,86,-68.47517391,44.099172589000034,NA,2,0.15-0.30,0.26-0.50,herb
heron,finn,5/27/2023,hrn2749,50,2,hedge bindweed,cal sep,Calystegia sepium,NA,hrn2749,2749,86,-68.47517391,44.099172589000034,NA,2,0.15-0.30,0.26-0.50,vine
heron,finn,5/27/2023,hrn2749,50,2,valerian,val off,Valeriana officinalis,NA,hrn2749,2749,86,-68.47517391,44.099172589000034,NA,2,0.15-0.30,0.26-0.50,herb
heron,finn,5/27/2023,hrn2749,50,2,unknown,unk,Elymus repens,(Elymus?),hrn2749,2749,86,-68.47517391,44.099172589000034,NA,2,0.15-0.30,0.26-0.50,NA
heron,finn,5/27/2023,hrn3342,1,1,NA,NA,NA,berm,hrn3342,3342,86,-68.47582204,44.09948681600008,NA,1,0-0.15,0-0.01,NA
heron,finn,5/27/2023,hrn2967,100,3,unknown,unk,Alopecurus pratensis,NA,hrn2967,2967,86,-68.47518244,44.099652029000026,NA,3,0.30-1,0.76-1.00,NA
heron,finn,5/27/2023,hrn2967,100,3,strawberry,fra vir,Fragaria virginiana,NA,hrn2967,2967,86,-68.47518244,44.099652029000026,NA,3,0.30-1,0.76-1.00,herb
heron,finn,5/27/2023,hrn2967,100,3,yarrow,ach mil,Achillea millefolium,NA,hrn2967,2967,86,-68.47518244,44.099652029000026,NA,3,0.30-1,0.76-1.00,herb
heron,finn,5/27/2023,hrn2967,100,3,unknown,unk,Cerastium arvense,NA,hrn2967,2967,86,-68.47518244,44.099652029000026,NA,3,0.30-1,0.76-1.00,herb
heron,finn,5/27/2023,hrn2967,100,3,unknown,unk,Solidago puberula,NA,hrn2967,2967,86,-68.47518244,44.099652029000026,NA,3,0.30-1,0.76-1.00,NA
heron,finn,5/27/2023,hrn2967,100,3,hedge bindweed,cal sep,Calystegia sepium,NA,hrn2967,2967,86,-68.47518244,44.099652029000026,NA,3,0.30-1,0.76-1.00,vine
heron,finn,5/27/2023,hrn2967,100,3,kentucky bluegrass,poa pra,Poa pratensis,NA,hrn2967,2967,86,-68.47518244,44.099652029000026,NA,3,0.30-1,0.76-1.00,gram
heron,finn,5/27/2023,hrn3044,100,1,unknown,unk,Solidago puberula,NA,hrn3044,3044,86,-68.47318821,44.10068816400008,NA,1,0-0.15,0.76-1.00,NA
heron,finn,5/27/2023,hrn3044,100,1,kentucky bluegrass,poa pra,Poa pratensis,NA,hrn3044,3044,86,-68.47318821,44.10068816400008,NA,1,0-0.15,0.76-1.00,gram
heron,finn,5/27/2023,hrn3044,100,1,unknown,unk,Rubus idaeus,NA,hrn3044,3044,86,-68.47318821,44.10068816400008,NA,1,0-0.15,0.76-1.00,shrub
heron,finn,5/27/2023,hrn3044,100,1,canada mayflower,mai can,Maianthemum canadense,NA,hrn3044,3044,86,-68.47318821,44.10068816400008,NA,1,0-0.15,0.76-1.00,herb
heron,finn,5/27/2023,hrn3044,100,1,unknown,unk,Carex silicea,NA,hrn3044,3044,86,-68.47318821,44.10068816400008,NA,1,0-0.15,0.76-1.00,NA
heron,finn,5/27/2023,hrn2752,100,2,buttercup,ran acr,Ranunculus acris,NA,hrn2752,2752,86,-68.47335886,44.10186499400004,NA,2,0.15-0.30,0.76-1.00,herb
heron,finn,5/27/2023,hrn2752,100,2,unknown,unk,Solidago puberula,NA,hrn2752,2752,86,-68.47335886,44.10186499400004,NA,2,0.15-0.30,0.76-1.00,NA
heron,finn,5/27/2023,hrn2752,100,2,unknown,unk,Alopecurus pratensis,NA,hrn2752,2752,86,-68.47335886,44.10186499400004,NA,2,0.15-0.30,0.76-1.00,NA
heron,finn,5/27/2023,hrn2752,100,2,kentucky bluegrass,poa pra,Poa pratensis,NA,hrn2752,2752,86,-68.47335886,44.10186499400004,NA,2,0.15-0.30,0.76-1.00,gram
heron,finn,5/27/2023,hrn3209,100,3,unknown,unk,Alopecurus pratensis,NA,hrn3209,3209,86,-68.47377872,44.10224765600003,NA,3,0.30-1,0.76-1.00,NA
heron,finn,5/27/2023,hrn3209,100,3,unknown,unk,Cirsium vulgare,NA,hrn3209,3209,86,-68.47377872,44.10224765600003,NA,3,0.30-1,0.76-1.00,herb
heron,finn,5/27/2023,hrn3209,100,3,unknown,unk,Solidago puberula,NA,hrn3209,3209,86,-68.47377872,44.10224765600003,NA,3,0.30-1,0.76-1.00,NA
heron,finn,5/27/2023,hrn3209,100,3,dandelion,tar off,Taraxacum officinale,NA,hrn3209,3209,86,-68.47377872,44.10224765600003,NA,3,0.30-1,0.76-1.00,herb
heron,finn,5/27/2023,hrn3209,100,3,unknown,unk,Lathyrus palustris,NA,hrn3209,3209,86,-68.47377872,44.10224765600003,NA,3,0.30-1,0.76-1.00,vine
heron,finn,5/27/2023,hrn2999,100,2,unknown,unk,Solidago puberula,NA,hrn2999,2999,86,-68.47156823,44.10059151500008,NA,2,0.15-0.30,0.76-1.00,NA
heron,finn,5/27/2023,hrn2999,100,2,unknown,unk,Cirsium vulgare,NA,hrn2999,2999,86,-68.47156823,44.10059151500008,NA,2,0.15-0.30,0.76-1.00,herb
heron,finn,5/27/2023,hrn2999,100,2,unknown,unk,Galium sylvaticum,NA,hrn2999,2999,86,-68.47156823,44.10059151500008,NA,2,0.15-0.30,0.76-1.00,NA
shabby,finn + taylor,5/31/2023,shab653,100,3,unknown,unk,Poa pratensis,NA,shab653,653,29,-68.55880298,44.167046955000046,NA,3,0.30-1,0.76-1.00,gram
shabby,finn + taylor,5/31/2023,shab653,100,3,seabeach dock,rum pal,Rumex pallidus,NA,shab653,653,29,-68.55880298,44.167046955000046,NA,3,0.30-1,0.76-1.00,NA
shabby,finn + taylor,5/31/2023,shab653,100,3,burdock,arctium,Arctium sp.,NA,shab653,653,29,-68.55880298,44.167046955000046,NA,3,0.30-1,0.76-1.00,herb
shabby,finn + taylor,5/31/2023,shab653,100,3,raspberry,rub ida,Rubus idaeus,NA,shab653,653,29,-68.55880298,44.167046955000046,NA,3,0.30-1,0.76-1.00,shrub
shabby,finn + taylor,5/31/2023,shab653,100,3,unknown,unk,Solidago puberula,NA,shab653,653,29,-68.55880298,44.167046955000046,NA,3,0.30-1,0.76-1.00,NA
shabby,finn + taylor,5/31/2023,shab640,50,4,stinging nettle,urt dio,Urtica dioica,NA,shab640,640,29,-68.55872667,44.166898236000065,NA,4,1-1.5,0.26-0.50,herb
shabby,finn + taylor,5/31/2023,shab640,50,4,raspberry,rub ida,Rubus idaeus,NA,shab640,640,29,-68.55872667,44.166898236000065,NA,4,1-1.5,0.26-0.50,shrub
shabby,finn + taylor,5/31/2023,shab640,50,4,burdock,arctium,Arctium sp.,NA,shab640,640,29,-68.55872667,44.166898236000065,NA,4,1-1.5,0.26-0.50,herb
shabby,finn + taylor,5/31/2023,shab649,1,1,NA,NA,NA,NA,shab649,649,29,-68.55842974,44.16684604500006,NA,1,0-0.15,0-0.01,NA
shabby,finn + taylor,5/31/2023,shab621,75,2,stinging nettle,urt dio,Urtica dioica,NA,shab621,621,29,-68.55845639,44.166481944000054,NA,2,0.15-0.30,0.51-0.75,herb
shabby,finn + taylor,5/31/2023,shab621,75,2,unknown,unk,Poa pratensis (#6),NA,shab621,621,29,-68.55845639,44.166481944000054,NA,2,0.15-0.30,0.51-0.75,NA
shabby,finn + taylor,5/31/2023,shab621,75,2,unknown,unk,Thistle sp,NA,shab621,621,29,-68.55845639,44.166481944000054,NA,2,0.15-0.30,0.51-0.75,NA
shabby,finn + taylor,5/31/2023,shab621,75,2,unknown,unk,Poa pratensis,(calam. C.f. #8),shab621,621,29,-68.55845639,44.166481944000054,NA,2,0.15-0.30,0.51-0.75,gram
shabby,finn + taylor,5/31/2023,shab621,75,2,unknown,unk,young yarrow? #56,NA,shab621,621,29,-68.55845639,44.166481944000054,NA,2,0.15-0.30,0.51-0.75,NA
shabby,finn + taylor,5/31/2023,shab621,75,2,american wild mint,men can,Mentha canadensis,NA,shab621,621,29,-68.55845639,44.166481944000054,NA,2,0.15-0.30,0.51-0.75,NA
shabby,finn + taylor,5/31/2023,shab633,1,1,NA,NA,NA,NA,shab633,633,29,-68.55797505,44.16678153000004,NA,1,0-0.15,0-0.01,NA
shabby,finn + taylor,5/31/2023,shab617,100,3,bittersweet nightshade,sol dul,Solanum dulcamara,NA,shab617,617,29,-68.55901289,44.166605082000046,NA,3,0.30-1,0.76-1.00,vine
shabby,finn + taylor,5/31/2023,shab617,100,3,unknown,unk,Poa pratensis,NA,shab617,617,29,-68.55901289,44.166605082000046,NA,3,0.30-1,0.76-1.00,gram
shabby,finn + taylor,5/31/2023,shab630,75,4,NA,NA,NA,wtf taylor,shab630,630,29,-68.55881993,44.16677786400004,NA,4,1-1.5,0.51-0.75,NA
shabby,finn + taylor,5/31/2023,shab616,1,1,NA,NA,NA,NA,shab616,616,29,-68.55920605,44.16649597600008,NA,1,0-0.15,0-0.01,NA
shabby,finn + taylor,5/31/2023,shab638,100,1,unknown,unk,Poa pratensis (#6),NA,shab638,638,29,-68.5587909,44.16645084600003,NA,1,0-0.15,0.76-1.00,NA
shabby,finn + taylor,5/31/2023,shab649,100,2,stinging nettle,urt dio,Urtica dioica,NA,shab649,649,29,-68.55842974,44.16684604500006,NA,2,0.15-0.30,0.76-1.00,herb
shabby,finn + taylor,5/31/2023,shab649,100,2,unknown,unk,Poa pratensis,NA,shab649,649,29,-68.55842974,44.16684604500006,NA,2,0.15-0.30,0.76-1.00,gram
shabby,finn + taylor,5/31/2023,shab649,100,2,unknown,unk,Poa pratensis,NA,shab649,649,29,-68.55842974,44.16684604500006,NA,2,0.15-0.30,0.76-1.00,gram
shabby,finn + taylor,5/31/2023,shab646,100,2,unknown,unk,Poa pratensis,NA,shab646,646,29,-68.55808452,44.16687589900005,NA,2,0.15-0.30,0.76-1.00,gram
shabby,finn + taylor,5/31/2023,shab646,100,2,unknown,unk,Solidago sempervirens,NA,shab646,646,29,-68.55808452,44.16687589900005,NA,2,0.15-0.30,0.76-1.00,herb
shabby,finn + taylor,5/31/2023,shab646,100,2,unknown,unk,Atriplex subspicata,NA,shab646,646,29,-68.55808452,44.16687589900005,NA,2,0.15-0.30,0.76-1.00,NA
shabby,finn + taylor,5/31/2023,shab635,100,1,corn speedwell,ver arv,Veronica arvensis,NA,shab635,635,29,-68.55831868,44.16684206700006,NA,1,0-0.15,0.76-1.00,herb
shabby,finn + taylor,5/31/2023,shab635,100,1,yarrow,ach mil,Achillea millefolium,NA,shab635,635,29,-68.55831868,44.16684206700006,NA,1,0-0.15,0.76-1.00,herb
shabby,finn + taylor,5/31/2023,shab635,100,1,unknown,unk,Atriplex subspicata,NA,shab635,635,29,-68.55831868,44.16684206700006,NA,1,0-0.15,0.76-1.00,NA
shabby,finn + taylor,5/31/2023,shab635,100,1,unknown,unk,Poa pratensis,NA,shab635,635,29,-68.55831868,44.16684206700006,NA,1,0-0.15,0.76-1.00,gram
shabby,finn + taylor,5/31/2023,shab635,100,1,unknown,unk,young yarrow? #56,NA,shab635,635,29,-68.55831868,44.16684206700006,NA,1,0-0.15,0.76-1.00,NA
shabby,finn + taylor,5/31/2023,shab635,100,1,unknown,unk,Veronica arvensis,NA,shab635,635,29,-68.55831868,44.16684206700006,NA,1,0-0.15,0.76-1.00,herb
shabby,finn + taylor,5/31/2023,shab614,1,1,NA,NA,NA,NA,shab614,614,29,-68.55794849,44.16639492500008,NA,1,0-0.15,0-0.01,NA
shabby,finn + taylor,5/31/2023,shab611,100,2,unknown,unk,Poa pratensis,NA,shab611,611,29,-68.55872398,44.166607260000035,NA,2,0.15-0.30,0.76-1.00,gram
shabby,finn + taylor,5/31/2023,shab611,100,2,bittersweet nightshade,sol dul,Solanum dulcamara,NA,shab611,611,29,-68.55872398,44.166607260000035,NA,2,0.15-0.30,0.76-1.00,vine
shabby,finn + taylor,5/31/2023,shab644,50,1,unknown,unk,Capsella bursa-pastoris,NA,shab644,644,29,-68.55904147,44.16698899600004,NA,1,0-0.15,0.26-0.50,NA
shabby,finn + taylor,5/31/2023,shab644,50,1,pineappleweed,mat dis,Matricaria discoidea,NA,shab644,644,29,-68.55904147,44.16698899600004,NA,1,0-0.15,0.26-0.50,herb
shabby,finn + taylor,5/31/2023,shab644,50,1,yarrow,ach mil,Achillea millefolium,NA,shab644,644,29,-68.55904147,44.16698899600004,NA,1,0-0.15,0.26-0.50,herb
shabby,finn + taylor,5/31/2023,shab644,50,1,unknown,unk,Poa pratensis,NA,shab644,644,29,-68.55904147,44.16698899600004,NA,1,0-0.15,0.26-0.50,gram
shabby,finn + taylor,5/31/2023,shab621,100,2,unknown,unk,Poa pratensis,NA,shab621,621,29,-68.55845639,44.166481944000054,NA,2,0.15-0.30,0.76-1.00,gram
shabby,finn + taylor,5/31/2023,shab629,5,1,stinging nettle,urt dio,Urtica dioica,NA,shab629,629,29,-68.55866012,44.16644623800005,NA,1,0-0.15,0.02-0.05,herb
shabby,finn + taylor,5/31/2023,shab629,5,1,unknown,unk,Poa pratensis,NA,shab629,629,29,-68.55866012,44.16644623800005,NA,1,0-0.15,0.02-0.05,gram
shabby,finn + taylor,5/31/2023,shab629,5,1,unknown,unk,Poa pratensis,NA,shab629,629,29,-68.55866012,44.16644623800005,NA,1,0-0.15,0.02-0.05,gram
gdi,finn,7/12/2023,gdi168,100,3,red fescue,fes rub,Festuca rubra,NA,gdi168,168,68,-68.24871016958389,44.14394936286254,NA,3,0.30-1,0.76-1.00,gram
gdi,finn,7/12/2023,gdi168,100,3,yarrow,ach mil,Achillea millefolium,NA,gdi168,168,68,-68.24871016958389,44.14394936286254,NA,3,0.30-1,0.76-1.00,herb
gdi,finn,7/12/2023,gdi168,100,3,raspberry,rub ida,Rubus idaeus,NA,gdi168,168,68,-68.24871016958389,44.14394936286254,NA,3,0.30-1,0.76-1.00,shrub
gdi,finn,7/12/2023,gdi168,100,3,seaside goldenrod,sol sem,Solidago sempervirens,NA,gdi168,168,68,-68.24871016958389,44.14394936286254,NA,3,0.30-1,0.76-1.00,herb
gdi,finn,7/12/2023,gdi168,100,3,flat-topped aster,doe umb,Doellingeria umbellata,NA,gdi168,168,68,-68.24871016958389,44.14394936286254,NA,3,0.30-1,0.76-1.00,herb
gdi,finn,7/12/2023,gdi168,100,3,swamp dewberry,rub his,Rubus hispidus,NA,gdi168,168,68,-68.24871016958389,44.14394936286254,NA,3,0.30-1,0.76-1.00,vine
gdi,finn,7/12/2023,gdi168,100,3,creeping bentgrass,agr sto,Agrostis stolonifera,NA,gdi168,168,68,-68.24871016958389,44.14394936286254,NA,3,0.30-1,0.76-1.00,gram
gdi,finn,7/12/2023,gdi168,100,3,kentucky bluegrass,poa pra,Poa pratensis,NA,gdi168,168,68,-68.24871016958389,44.14394936286254,NA,3,0.30-1,0.76-1.00,gram
gdi,finn,7/12/2023,gdi168,100,3,meadow hawkweed,hie cae,Hieracium caespitosum,NA,gdi168,168,68,-68.24871016958389,44.14394936286254,NA,3,0.30-1,0.76-1.00,herb
gdi,finn,7/12/2023,gdi942,100,3,field chickweed,cer arv,Cerastium arvense,NA,gdi942,942,68,-68.24844749575976,44.14415653829865,NA,3,0.30-1,0.76-1.00,herb
gdi,finn,7/12/2023,gdi942,100,3,raspberry,rub ida,Rubus idaeus,NA,gdi942,942,68,-68.24844749575976,44.14415653829865,NA,3,0.30-1,0.76-1.00,shrub
gdi,finn,7/12/2023,gdi942,100,3,buttercup,ran acr,Ranunculus acris,NA,gdi942,942,68,-68.24844749575976,44.14415653829865,NA,3,0.30-1,0.76-1.00,herb
gdi,finn,7/12/2023,gdi942,100,3,strawberry,fra vir,Fragaria virginiana,NA,gdi942,942,68,-68.24844749575976,44.14415653829865,NA,3,0.30-1,0.76-1.00,herb
gdi,finn,7/12/2023,gdi942,100,3,red fescue,fes rub,Festuca rubra,NA,gdi942,942,68,-68.24844749575976,44.14415653829865,NA,3,0.30-1,0.76-1.00,gram
gdi,finn,7/12/2023,gdi942,100,3,seaside goldenrod,sol sem,Solidago sempervirens,NA,gdi942,942,68,-68.24844749575976,44.14415653829865,NA,3,0.30-1,0.76-1.00,herb
gdi,finn,7/12/2023,gdi942,100,3,sheep sorrel,rum ace,Rumex acetosella,NA,gdi942,942,68,-68.24844749575976,44.14415653829865,NA,3,0.30-1,0.76-1.00,herb
gdi,finn,7/12/2023,gdi942,100,3,meadow hawkweed,hie cae,Hieracium caespitosum,NA,gdi942,942,68,-68.24844749575976,44.14415653829865,NA,3,0.30-1,0.76-1.00,herb
gdi,finn,7/12/2023,gdi942,100,3,unknown,unk,Rumex britannica,NA,gdi942,942,68,-68.24844749575976,44.14415653829865,NA,3,0.30-1,0.76-1.00,NA
gdi,finn,7/12/2023,gdi624,100,2,seaside goldenrod,sol sem,Solidago sempervirens,NA,gdi624,624,68,-68.24834107709222,44.143162065311344,NA,2,0.15-0.30,0.76-1.00,herb
gdi,finn,7/12/2023,gdi624,100,2,wrinkleleaf goldenrod,sol rug,Solidago rugosa,NA,gdi624,624,68,-68.24834107709222,44.143162065311344,NA,2,0.15-0.30,0.76-1.00,herb
gdi,finn,7/12/2023,gdi624,100,2,strawberry,fra vir,Fragaria virginiana,NA,gdi624,624,68,-68.24834107709222,44.143162065311344,NA,2,0.15-0.30,0.76-1.00,herb
gdi,finn,7/12/2023,gdi624,100,2,red fescue,fes rub,Festuca rubra,NA,gdi624,624,68,-68.24834107709222,44.143162065311344,NA,2,0.15-0.30,0.76-1.00,gram
gdi,finn,7/12/2023,gdi624,100,2,field chickweed,cer arv,Cerastium arvense,NA,gdi624,624,68,-68.24834107709222,44.143162065311344,NA,2,0.15-0.30,0.76-1.00,herb
gdi,finn,7/12/2023,gdi314,100,3,yarrow,ach mil,Achillea millefolium,NA,gdi314,314,68,-68.248784836879,44.14345667403239,NA,3,0.30-1,0.76-1.00,herb
gdi,finn,7/12/2023,gdi314,100,3,raspberry,rub ida,Rubus idaeus,NA,gdi314,314,68,-68.248784836879,44.14345667403239,NA,3,0.30-1,0.76-1.00,shrub
gdi,finn,7/12/2023,gdi314,100,3,field chickweed,cer arv,Cerastium arvense,NA,gdi314,314,68,-68.248784836879,44.14345667403239,NA,3,0.30-1,0.76-1.00,herb
gdi,finn,7/12/2023,gdi314,100,3,seaside goldenrod,sol sem,Solidago sempervirens,NA,gdi314,314,68,-68.248784836879,44.14345667403239,NA,3,0.30-1,0.76-1.00,herb
gdi,finn,7/12/2023,gdi314,100,3,strawberry,fra vir,Fragaria virginiana,NA,gdi314,314,68,-68.248784836879,44.14345667403239,NA,3,0.30-1,0.76-1.00,herb
gdi,finn,7/12/2023,gdi314,100,3,sheep sorrel,rum ace,Rumex acetosella,"Right next to trampled bare ""lawn"" of nest #913",gdi314,314,68,-68.248784836879,44.14345667403239,NA,3,0.30-1,0.76-1.00,herb
gdi,finn,7/12/2023,gdi899,1,1,NA,NA,NA,berm,gdi899,899,68,-68.2494233901615,44.143587133050744,NA,1,0-0.15,0-0.01,NA
gdi,finn,7/12/2023,gdi340,1,1,NA,NA,NA,berm,gdi340,340,68,-68.24934543882785,44.143647755031225,NA,1,0-0.15,0-0.01,NA
gdi,finn,7/12/2023,gdi541,100,4,buttercup,ran acr,Ranunculus acris,NA,gdi541,541,68,-68.24894938795035,44.14374227799635,NA,4,1-1.5,0.76-1.00,herb
gdi,finn,7/12/2023,gdi541,100,4,raspberry,rub ida,Rubus idaeus,NA,gdi541,541,68,-68.24894938795035,44.14374227799635,NA,4,1-1.5,0.76-1.00,shrub
gdi,finn,7/12/2023,gdi541,100,4,dodder,cus gro,Cuscuta gronovii,NA,gdi541,541,68,-68.24894938795035,44.14374227799635,NA,4,1-1.5,0.76-1.00,vine
gdi,finn,7/12/2023,gdi541,100,4,spotted jewelweed,imp cap,Impatiens capensis,NA,gdi541,541,68,-68.24894938795035,44.14374227799635,NA,4,1-1.5,0.76-1.00,herb
gdi,finn,7/12/2023,gdi541,100,4,unknown,unk,Angelica lucida,NA,gdi541,541,68,-68.24894938795035,44.14374227799635,NA,4,1-1.5,0.76-1.00,NA
gdi,finn,7/12/2023,gdi67,100,2,wrinkleleaf goldenrod,sol rug,Solidago rugosa,NA,gdi67,67,68,-68.24755615083791,44.14273973075677,NA,2,0.15-0.30,0.76-1.00,herb
gdi,finn,7/12/2023,gdi67,100,2,seaside goldenrod,sol sem,Solidago sempervirens,NA,gdi67,67,68,-68.24755615083791,44.14273973075677,NA,2,0.15-0.30,0.76-1.00,herb
gdi,finn,7/12/2023,gdi67,100,2,sheep sorrel,rum ace,Rumex acetosella,NA,gdi67,67,68,-68.24755615083791,44.14273973075677,NA,2,0.15-0.30,0.76-1.00,herb
gdi,finn,7/12/2023,gdi67,100,2,raspberry,rub ida,Rubus idaeus,NA,gdi67,67,68,-68.24755615083791,44.14273973075677,NA,2,0.15-0.30,0.76-1.00,shrub
gdi,finn,7/12/2023,gdi67,100,2,swamp dewberry,rub his,Rubus hispidus,NA,gdi67,67,68,-68.24755615083791,44.14273973075677,NA,2,0.15-0.30,0.76-1.00,vine
gdi,finn,7/12/2023,gdi50,100,3,raspberry,rub ida,Rubus idaeus,NA,gdi50,50,68,-68.24795208564132,44.14282436048296,NA,3,0.30-1,0.76-1.00,shrub
gdi,finn,7/12/2023,gdi50,100,3,seaside goldenrod,sol sem,Solidago sempervirens,NA,gdi50,50,68,-68.24795208564132,44.14282436048296,NA,3,0.30-1,0.76-1.00,herb
gdi,finn,7/12/2023,gdi50,100,3,hedge bindweed,cal sep,Calystegia sepium,NA,gdi50,50,68,-68.24795208564132,44.14282436048296,NA,3,0.30-1,0.76-1.00,vine
gdi,finn,7/12/2023,gdi50,100,3,red fescue,fes rub,Festuca rubra,NA,gdi50,50,68,-68.24795208564132,44.14282436048296,NA,3,0.30-1,0.76-1.00,gram
gdi,finn,7/12/2023,gdi50,100,3,strawberry,fra vir,Fragaria virginiana,NA,gdi50,50,68,-68.24795208564132,44.14282436048296,NA,3,0.30-1,0.76-1.00,herb
gdi,finn,7/12/2023,gdi50,100,3,bunchberry,cor can,Cornus canadensis,NA,gdi50,50,68,-68.24795208564132,44.14282436048296,NA,3,0.30-1,0.76-1.00,herb
gdi,finn,7/12/2023,gdi50,100,3,field chickweed,cer arv,Cerastium arvense,NA,gdi50,50,68,-68.24795208564132,44.14282436048296,NA,3,0.30-1,0.76-1.00,herb
gdi,finn,7/12/2023,gdi829,1,1,NA,NA,NA,berm,gdi829,829,68,-68.2481978698392,44.142640656260085,NA,1,0-0.15,0-0.01,NA
gdi,finn,7/12/2023,gdi106,100,3,raspberry,rub ida,Rubus idaeus,NA,gdi106,106,68,-68.2483067045045,44.143046123035795,NA,3,0.30-1,0.76-1.00,shrub
gdi,finn,7/12/2023,gdi106,100,3,buttercup,ran acr,Ranunculus acris,NA,gdi106,106,68,-68.2483067045045,44.143046123035795,NA,3,0.30-1,0.76-1.00,herb
gdi,finn,7/12/2023,gdi106,100,3,red fescue,fes rub,Festuca rubra,NA,gdi106,106,68,-68.2483067045045,44.143046123035795,NA,3,0.30-1,0.76-1.00,gram
gdi,finn,7/12/2023,gdi106,100,3,seaside goldenrod,sol sem,Solidago sempervirens,NA,gdi106,106,68,-68.2483067045045,44.143046123035795,NA,3,0.30-1,0.76-1.00,herb
gdi,finn,7/12/2023,gdi106,100,3,unknown,unk,Moehringia lateriflora,NA,gdi106,106,68,-68.2483067045045,44.143046123035795,NA,3,0.30-1,0.76-1.00,NA
gdi,finn,7/12/2023,gdi106,100,3,hedge bindweed,cal sep,Calystegia sepium,NA,gdi106,106,68,-68.2483067045045,44.143046123035795,NA,3,0.30-1,0.76-1.00,vine
gdi,finn,7/12/2023,gdi106,100,3,strawberry,fra vir,Fragaria virginiana,NA,gdi106,106,68,-68.2483067045045,44.143046123035795,NA,3,0.30-1,0.76-1.00,herb
gdi,finn,7/12/2023,gdi129,100,4,raspberry,rub ida,Rubus idaeus,NA,gdi129,129,68,-68.2444628964974,44.143191578581934,NA,4,1-1.5,0.76-1.00,shrub
gdi,finn,7/12/2023,gdi408,100,3,raspberry,rub ida,Rubus idaeus,NA,gdi408,408,68,-68.24474044810097,44.143301534636635,NA,3,0.30-1,0.76-1.00,shrub
gdi,finn,7/12/2023,gdi408,100,3,wrinkleleaf goldenrod,sol rug,Solidago rugosa,NA,gdi408,408,68,-68.24474044810097,44.143301534636635,NA,3,0.30-1,0.76-1.00,herb
gdi,finn,7/12/2023,gdi408,100,3,smooth black sedge,cx nigr,Carex nigra,NA,gdi408,408,68,-68.24474044810097,44.143301534636635,NA,3,0.30-1,0.76-1.00,gram
gdi,finn,7/12/2023,gdi408,100,3,seaside goldenrod,sol sem,Solidago sempervirens,NA,gdi408,408,68,-68.24474044810097,44.143301534636635,NA,3,0.30-1,0.76-1.00,herb
gdi,finn,7/12/2023,gdi408,100,3,flat-topped aster,doe umb,Doellingeria umbellata,NA,gdi408,408,68,-68.24474044810097,44.143301534636635,NA,3,0.30-1,0.76-1.00,herb
gdi,finn,7/12/2023,gdi408,100,3,low-bush blueberry,vac ang,Vaccinium angustifolium,NA,gdi408,408,68,-68.24474044810097,44.143301534636635,NA,3,0.30-1,0.76-1.00,shrub
gdi,finn,7/12/2023,gdi408,100,3,swamp dewberry,rub his,Rubus hispidus,NA,gdi408,408,68,-68.24474044810097,44.143301534636635,NA,3,0.30-1,0.76-1.00,vine
gdi,finn,7/12/2023,gdi408,100,3,kentucky bluegrass,poa pra,Poa pratensis,NA,gdi408,408,68,-68.24474044810097,44.143301534636635,NA,3,0.30-1,0.76-1.00,gram
gdi,finn,7/12/2023,gdi408,100,3,strawberry,fra vir,Fragaria virginiana,NA,gdi408,408,68,-68.24474044810097,44.143301534636635,NA,3,0.30-1,0.76-1.00,herb
gdi,finn,7/12/2023,gdi812,100,1,yarrow,ach mil,Achillea millefolium,NA,gdi812,812,68,-68.24710291452942,44.14280358300044,NA,1,0-0.15,0.76-1.00,herb
gdi,finn,7/12/2023,gdi812,100,1,strawberry,fra vir,Fragaria virginiana,NA,gdi812,812,68,-68.24710291452942,44.14280358300044,NA,1,0-0.15,0.76-1.00,herb
gdi,finn,7/12/2023,gdi812,100,1,low-bush blueberry,vac ang,Vaccinium angustifolium,NA,gdi812,812,68,-68.24710291452942,44.14280358300044,NA,1,0-0.15,0.76-1.00,shrub
gdi,finn,7/12/2023,gdi812,100,1,common woodrush,luz mul,Luzula multiflora,NA,gdi812,812,68,-68.24710291452942,44.14280358300044,NA,1,0-0.15,0.76-1.00,gram
gdi,finn,7/12/2023,gdi812,100,1,seaside goldenrod,sol sem,Solidago sempervirens,NA,gdi812,812,68,-68.24710291452942,44.14280358300044,NA,1,0-0.15,0.76-1.00,herb
gdi,finn,7/12/2023,gdi812,100,1,bunchberry,cor can,Cornus canadensis,NA,gdi812,812,68,-68.24710291452942,44.14280358300044,NA,1,0-0.15,0.76-1.00,herb
gdi,finn,7/12/2023,gdi812,100,1,field chickweed,cer arv,Cerastium arvense,NA,gdi812,812,68,-68.24710291452942,44.14280358300044,NA,1,0-0.15,0.76-1.00,herb
gdi,finn,7/12/2023,gdi812,100,1,canada mayflower,mai can,Maianthemum canadense,NA,gdi812,812,68,-68.24710291452942,44.14280358300044,NA,1,0-0.15,0.76-1.00,herb
gdi,finn,7/12/2023,gdi812,100,1,unknown,unk,Anthoxanthum odoratum,NA,gdi812,812,68,-68.24710291452942,44.14280358300044,NA,1,0-0.15,0.76-1.00,NA
gdi,finn,7/12/2023,gdi51,100,4,bittersweet nightshade,sol dul,Solanum dulcamara,NA,gdi51,51,68,-68.24452311082524,44.1428065794974,NA,4,1-1.5,0.76-1.00,vine
gdi,finn,7/12/2023,gdi51,100,4,raspberry,rub ida,Rubus idaeus,NA,gdi51,51,68,-68.24452311082524,44.1428065794974,NA,4,1-1.5,0.76-1.00,shrub
gdi,finn,7/12/2023,gdi51,100,4,hedge bindweed,cal sep,Calystegia sepium,NA,gdi51,51,68,-68.24452311082524,44.1428065794974,NA,4,1-1.5,0.76-1.00,vine
gdi,finn,7/12/2023,gdi51,100,4,seaside goldenrod,sol sem,Solidago sempervirens,NA,gdi51,51,68,-68.24452311082524,44.1428065794974,NA,4,1-1.5,0.76-1.00,herb
gdi,finn,7/12/2023,gdi51,100,4,field chickweed,cer arv,Cerastium arvense,NA,gdi51,51,68,-68.24452311082524,44.1428065794974,NA,4,1-1.5,0.76-1.00,herb
gdi,finn,7/12/2023,gdi51,100,4,stinging nettle,urt dio,Urtica dioica,NA,gdi51,51,68,-68.24452311082524,44.1428065794974,NA,4,1-1.5,0.76-1.00,herb
gdi,finn,7/12/2023,gdi51,100,4,common chickweed,ste med,Stellaria media,NA,gdi51,51,68,-68.24452311082524,44.1428065794974,NA,4,1-1.5,0.76-1.00,herb
gdi,finn,7/12/2023,gdi830,1,1,NA,NA,NA,NA,gdi830,830,68,-68.2441126569866,44.14264188200724,NA,1,0-0.15,0-0.01,NA
gdi,finn,7/12/2023,gdi39,100,3,raspberry,rub ida,Rubus idaeus,NA,gdi39,39,68,-68.24475755423475,44.14294103608847,NA,3,0.30-1,0.76-1.00,shrub
gdi,finn,7/12/2023,gdi39,100,3,wrinkleleaf goldenrod,sol rug,Solidago rugosa,NA,gdi39,39,68,-68.24475755423475,44.14294103608847,NA,3,0.30-1,0.76-1.00,herb
gdi,finn,7/12/2023,gdi39,100,3,red fescue,fes rub,Festuca rubra,NA,gdi39,39,68,-68.24475755423475,44.14294103608847,NA,3,0.30-1,0.76-1.00,gram
gdi,finn,7/12/2023,gdi39,100,3,seaside goldenrod,sol sem,Solidago sempervirens,NA,gdi39,39,68,-68.24475755423475,44.14294103608847,NA,3,0.30-1,0.76-1.00,herb
gdi,finn,7/12/2023,gdi39,100,3,swamp dewberry,rub his,Rubus hispidus,NA,gdi39,39,68,-68.24475755423475,44.14294103608847,NA,3,0.30-1,0.76-1.00,vine
gdi,Finn + Autumn,7/12/2023,gdi761,75,3,bittersweet nightshade,sol dul,Solanum dulcamara,edge of berm; next to nest 449. Elymus tra and S. dulcamara growing near nest but outside quadrat,gdi761,761,68,-68.24540667769986,44.14202532700198,NA,3,0.30-1,0.51-0.75,vine
gdi,Finn + Autumn,7/12/2023,gdi70,75,1,wrinkleleaf goldenrod,sol rug,Solidago rugosa,NA,gdi70,70,68,-68.24535663677813,44.14258506458145,NA,1,0-0.15,0.51-0.75,herb
gdi,Finn + Autumn,7/12/2023,gdi70,75,1,seaside goldenrod,sol sem,Solidago sempervirens,NA,gdi70,70,68,-68.24535663677813,44.14258506458145,NA,1,0-0.15,0.51-0.75,herb
gdi,Finn + Autumn,7/12/2023,gdi70,75,1,sheep sorrel,rum ace,Rumex acetosella,NA,gdi70,70,68,-68.24535663677813,44.14258506458145,NA,1,0-0.15,0.51-0.75,herb
gdi,Finn + Autumn,7/12/2023,gdi70,75,1,red fescue,fes rub,Festuca rubra,NA,gdi70,70,68,-68.24535663677813,44.14258506458145,NA,1,0-0.15,0.51-0.75,gram
gdi,Finn + Autumn,7/12/2023,gdi70,75,1,kentucky bluegrass,poa pra,Poa pratensis,NA,gdi70,70,68,-68.24535663677813,44.14258506458145,NA,1,0-0.15,0.51-0.75,gram
gdi,Finn + Autumn,7/12/2023,gdi70,75,1,sweetgale,myr gal,Myrica gale,NA,gdi70,70,68,-68.24535663677813,44.14258506458145,NA,1,0-0.15,0.51-0.75,shrub
gdi,Finn + Autumn,7/12/2023,gdi70,75,1,unknown,unk,Rumex crispa,NA,gdi70,70,68,-68.24535663677813,44.14258506458145,NA,1,0-0.15,0.51-0.75,NA
gdi,Finn + Autumn,7/12/2023,gdi70,75,1,strawberry,fra vir,Fragaria virginiana,NA,gdi70,70,68,-68.24535663677813,44.14258506458145,NA,1,0-0.15,0.51-0.75,herb
gdi,Finn + Autumn,7/12/2023,gdi70,75,1,field chickweed,cer arv,Cerastium arvense,NA,gdi70,70,68,-68.24535663677813,44.14258506458145,NA,1,0-0.15,0.51-0.75,herb
gdi,Finn + Autumn,7/12/2023,gdi70,75,1,raspberry,rub ida,Rubus idaeus,NA,gdi70,70,68,-68.24535663677813,44.14258506458145,NA,1,0-0.15,0.51-0.75,shrub
gdi,Finn + Autumn,7/12/2023,gdi576,5,2,sea plantain,pla mar,plantago maritima,directly N of nest #3(??) (basically standing on it),gdi576,576,68,-68.24478167754927,44.14234962739528,NA,2,0.15-0.30,0.02-0.05,NA
schoodic,Finn,8/12/2023,sch1060,100,2,seaside goldenrod,sol sem,Solidago sempervirens,NA,sch1060,1060,52,-68.03299164,44.33521361600003,NA,2,0.15-0.30,0.76-1.00,herb
schoodic,Finn,8/12/2023,sch1060,100,2,stinging nettle,urt dio,Urtica dioica,NA,sch1060,1060,52,-68.03299164,44.33521361600003,NA,2,0.15-0.30,0.76-1.00,herb
schoodic,Finn,8/12/2023,sch1060,100,2,canada thistle,cir arv,Cirsium arvense,NA,sch1060,1060,52,-68.03299164,44.33521361600003,NA,2,0.15-0.30,0.76-1.00,herb
schoodic,Finn,8/12/2023,sch1060,100,2,unknown,NA,Galeopsis bifida,NA,sch1060,1060,52,-68.03299164,44.33521361600003,NA,2,0.15-0.30,0.76-1.00,NA
schoodic,Finn,8/12/2023,sch1060,100,2,red raspberry,rub ida,Rubus idaeus,NA,sch1060,1060,52,-68.03299164,44.33521361600003,NA,2,0.15-0.30,0.76-1.00,shrub
schoodic,Finn,8/12/2023,sch1060,100,2,kentucky bluegrass,poa pra,Poa pratensis,NA,sch1060,1060,52,-68.03299164,44.33521361600003,NA,2,0.15-0.30,0.76-1.00,gram
schoodic,finn,8/12/2023,sch854,1,1,NA,NA,NA,#36 nearby,sch854,854,52,-68.03320445,44.33524036500006,NA,1,0-0.15,0-0.01,NA
schoodic,finn,8/12/2023,sch1235,100,4,canada thistle,cir arv,Cirsium arvense,NA,sch1235,1235,52,-68.03278592,44.33520232700005,NA,4,1-1.5,0.76-1.00,herb
schoodic,finn,8/12/2023,sch1235,100,4,unknown,unk,Galeopsis bifida,NA,sch1235,1235,52,-68.03278592,44.33520232700005,NA,4,1-1.5,0.76-1.00,NA
schoodic,finn,8/12/2023,sch1235,100,4,red raspberry,rub ida,Rubus idaeus,NA,sch1235,1235,52,-68.03278592,44.33520232700005,NA,4,1-1.5,0.76-1.00,shrub
schoodic,finn,8/12/2023,sch1109,100,3,unknown,unk,Epilobium ciliatum,NA,sch1109,1109,52,-68.03261001,44.33516048300004,NA,3,0.30-1,0.76-1.00,herb
schoodic,finn,8/12/2023,sch1109,100,3,flat-topped aster,doe umb,Doellingeria umbellata,NA,sch1109,1109,52,-68.03261001,44.33516048300004,NA,3,0.30-1,0.76-1.00,herb
schoodic,finn,8/12/2023,sch1109,100,3,red raspberry,rub ida,Rubus idaeus,NA,sch1109,1109,52,-68.03261001,44.33516048300004,NA,3,0.30-1,0.76-1.00,shrub
schoodic,finn,8/12/2023,sch1109,100,3,unknown,unk,Galeopsis bifida,NA,sch1109,1109,52,-68.03261001,44.33516048300004,NA,3,0.30-1,0.76-1.00,NA
schoodic,finn,8/12/2023,sch1109,100,3,unknown,unk,Elymus trachycaulus,bull thistle + solidago rugosa + poa pratensis just outside,sch1109,1109,52,-68.03261001,44.33516048300004,NA,3,0.30-1,0.76-1.00,NA
schoodic,finn,8/12/2023,sch1268,100,3,unknown,unk,Elymus trachycaulus,NA,sch1268,1268,52,-68.03248783,44.33509916200006,NA,3,0.30-1,0.76-1.00,NA
schoodic,finn,8/12/2023,sch1268,100,3,canada thistle,cir arv,Cirsium arvense,NA,sch1268,1268,52,-68.03248783,44.33509916200006,NA,3,0.30-1,0.76-1.00,herb
schoodic,finn,8/12/2023,sch1268,100,3,red raspberry,rub ida,Rubus idaeus,NA,sch1268,1268,52,-68.03248783,44.33509916200006,NA,3,0.30-1,0.76-1.00,shrub
schoodic,finn,8/12/2023,sch1268,100,3,wrinkleleaf goldenrod,sol rug,Solidago rugosa,NA,sch1268,1268,52,-68.03248783,44.33509916200006,NA,3,0.30-1,0.76-1.00,herb
schoodic,finn,8/12/2023,sch1268,100,3,unknown,unk,Galeopsis bifida,NA,sch1268,1268,52,-68.03248783,44.33509916200006,NA,3,0.30-1,0.76-1.00,NA
schoodic,finn,8/12/2023,sch1268,100,3,kentucky bluegrass,poa pra,Poa pratensis,1st year bull thistle just outside,sch1268,1268,52,-68.03248783,44.33509916200006,NA,3,0.30-1,0.76-1.00,gram
schoodic,finn,8/12/2023,sch1261,100,4,red raspberry,rub ida,Rubus idaeus,NA,sch1261,1261,52,-68.03221799,44.33496865700005,NA,4,1-1.5,0.76-1.00,shrub
schoodic,finn,8/12/2023,sch1261,100,4,unknown,unk,Galeopsis bifida,canada thistle nearby,sch1261,1261,52,-68.03221799,44.33496865700005,NA,4,1-1.5,0.76-1.00,NA
schoodic,finn,8/12/2023,sch762,100,4,spotted jewelweed,imp cap,Impatiens capensis,NA,sch762,762,52,-68.03186467,44.33500740800008,NA,4,1-1.5,0.76-1.00,herb
schoodic,finn,8/12/2023,sch762,100,4,bull thistle,cir vul,Cirsium vulgare,NA,sch762,762,52,-68.03186467,44.33500740800008,NA,4,1-1.5,0.76-1.00,herb
schoodic,finn,8/12/2023,sch762,100,4,unknown,unk,Epilobium ciliatum,NA,sch762,762,52,-68.03186467,44.33500740800008,NA,4,1-1.5,0.76-1.00,herb
schoodic,finn,8/12/2023,sch1155,100,3,red raspberry,rub ida,Rubus idaeus,NA,sch1155,1155,52,-68.03166886,44.33480256000007,NA,3,0.30-1,0.76-1.00,shrub
schoodic,finn,8/12/2023,sch1155,100,3,unknown,unk,Epilobium ciliatum,NA,sch1155,1155,52,-68.03166886,44.33480256000007,NA,3,0.30-1,0.76-1.00,herb
schoodic,finn,8/12/2023,sch1155,100,3,unknown,unk,Ribes glandulosum,NA,sch1155,1155,52,-68.03166886,44.33480256000007,NA,3,0.30-1,0.76-1.00,NA
schoodic,finn,8/12/2023,sch1155,100,3,unknown,unk,Galeopsis bifida,"big patch of #7 nearby, growth form similar to hobblebush",sch1155,1155,52,-68.03166886,44.33480256000007,NA,3,0.30-1,0.76-1.00,NA
schoodic,finn,8/12/2023,sch1146,100,3,red raspberry,rub ida,Rubus idaeus,NA,sch1146,1146,52,-68.03131866,44.334855170000026,NA,3,0.30-1,0.76-1.00,shrub
schoodic,finn,8/12/2023,sch1146,100,3,cinnamon fern,osm cin,Osmundastrum cinnamomeum,NA,sch1146,1146,52,-68.03131866,44.334855170000026,NA,3,0.30-1,0.76-1.00,herb
schoodic,finn,8/12/2023,sch1146,100,3,dock sp.,rum sp,Rumex sp.,NA,sch1146,1146,52,-68.03131866,44.334855170000026,NA,3,0.30-1,0.76-1.00,herb
schoodic,finn,8/12/2023,sch1146,100,3,unknown,unk,Epilobium ciliatum,NA,sch1146,1146,52,-68.03131866,44.334855170000026,NA,3,0.30-1,0.76-1.00,herb
schoodic,finn,8/12/2023,sch1146,100,3,sheep sorrel,rum ace,Rumex acetosella,"bare earth directly S of plot - ""lawn""? Very fine black powdery soil with guano, crustacean remains, and bone fragments",sch1146,1146,52,-68.03131866,44.334855170000026,NA,3,0.30-1,0.76-1.00,herb
schoodic,finn,8/12/2023,sch1120,100,5,red raspberry,rub ida,Rubus idaeus,NA,sch1120,1120,52,-68.03121807,44.33479970000008,NA,5,1.5+,0.76-1.00,shrub
schoodic,finn,8/12/2023,sch1039,100,4,spotted jewelweed,imp cap,Impatiens capensis,NA,sch1039,1039,52,-68.03108223,44.33469223600008,NA,4,1-1.5,0.76-1.00,herb
schoodic,finn,8/12/2023,sch1039,100,4,stinging nettle,urt dio,Urtica dioica,NA,sch1039,1039,52,-68.03108223,44.33469223600008,NA,4,1-1.5,0.76-1.00,herb
schoodic,finn,8/12/2023,sch1039,100,4,unknown,unk,Raphanus raphanistrum,NA,sch1039,1039,52,-68.03108223,44.33469223600008,NA,4,1-1.5,0.76-1.00,NA
schoodic,finn,8/12/2023,sch1297,100,3,red raspberry,rub ida,Rubus idaeus,NA,sch1297,1297,52,-68.03143461,44.33436315200004,NA,3,0.30-1,0.76-1.00,shrub
schoodic,finn,8/12/2023,sch1297,100,3,white meadowsweet,spi alb,Spiraea alba,NA,sch1297,1297,52,-68.03143461,44.33436315200004,NA,3,0.30-1,0.76-1.00,shrub
schoodic,finn,8/12/2023,sch1314,100,3,unknown,unk,Epilobium ciliatum,NA,sch1314,1314,52,-68.03171097,44.33435048600006,NA,3,0.30-1,0.76-1.00,herb
schoodic,finn,8/12/2023,sch1314,100,3,red raspberry,rub ida,Rubus idaeus,NA,sch1314,1314,52,-68.03171097,44.33435048600006,NA,3,0.30-1,0.76-1.00,shrub
schoodic,finn,8/12/2023,sch1314,100,3,wrinkleleaf goldenrod,sol rug,Solidago rugosa,NA,sch1314,1314,52,-68.03171097,44.33435048600006,NA,3,0.30-1,0.76-1.00,herb
schoodic,finn,8/12/2023,sch935,100,3,wrinkleleaf goldenrod,sol rug,Solidago rugosa,1/2 of plot at height class 1 (not bare),sch935,935,52,-68.03147764,44.33402393400007,NA,3,0.30-1,0.76-1.00,herb
schoodic,finn,8/12/2023,sch935,100,3,red raspberry,rub ida,Rubus idaeus,NA,sch935,935,52,-68.03147764,44.33402393400007,NA,3,0.30-1,0.76-1.00,shrub
schoodic,finn,8/12/2023,sch935,100,3,unknown,unk,Galeopsis bifida,NA,sch935,935,52,-68.03147764,44.33402393400007,NA,3,0.30-1,0.76-1.00,NA
schoodic,finn,8/12/2023,sch935,100,3,bull thistle,cir vul,Cirsium vulgare,NA,sch935,935,52,-68.03147764,44.33402393400007,NA,3,0.30-1,0.76-1.00,herb
schoodic,finn,8/12/2023,sch935,100,3,kentucky bluegrass,poa pra,Poa pratensis,NA,sch935,935,52,-68.03147764,44.33402393400007,NA,3,0.30-1,0.76-1.00,gram
schoodic,finn,8/12/2023,sch935,100,3,unknown,unk,Epilobium ciliatum,NA,sch935,935,52,-68.03147764,44.33402393400007,NA,3,0.30-1,0.76-1.00,herb
schoodic,finn,8/12/2023,sch1122,100,3,wrinkleleaf goldenrod,sol rug,Solidago rugosa,NA,sch1122,1122,52,-68.03119861,44.33402239900005,NA,3,0.30-1,0.76-1.00,herb
schoodic,finn,8/12/2023,sch1122,100,3,seaside goldenrod,sol sem,Solidago sempervirens,NA,sch1122,1122,52,-68.03119861,44.33402239900005,NA,3,0.30-1,0.76-1.00,herb
schoodic,finn,8/12/2023,sch1122,100,3,new england aster,sym nov,symphyotrichum novae-angliae,NA,sch1122,1122,52,-68.03119861,44.33402239900005,NA,3,0.30-1,0.76-1.00,NA
schoodic,finn,8/12/2023,sch1122,100,3,strawberry,fra vir,Fragaria virginiana,NA,sch1122,1122,52,-68.03119861,44.33402239900005,NA,3,0.30-1,0.76-1.00,herb
schoodic,finn,8/12/2023,sch1122,100,3,unknown,unk,Lycopus uniflorus,NA,sch1122,1122,52,-68.03119861,44.33402239900005,NA,3,0.30-1,0.76-1.00,NA
schoodic,finn,8/12/2023,sch1122,100,3,kentucky bluegrass,poa pra,Poa pratensis,NA,sch1122,1122,52,-68.03119861,44.33402239900005,NA,3,0.30-1,0.76-1.00,gram
schoodic,finn,8/12/2023,sch1122,100,3,rough bentgrass,agr sca,Agrostis scabra,NA,sch1122,1122,52,-68.03119861,44.33402239900005,NA,3,0.30-1,0.76-1.00,gram
schoodic,finn,8/12/2023,sch1055,100,1,sheep sorrel,rum ace,Rumex acetosella,NA,sch1055,1055,52,-68.03151418,44.333856566000065,NA,1,0-0.15,0.76-1.00,herb
schoodic,finn,8/12/2023,sch1055,100,1,unknown,unk,Galeopsis bifida,NA,sch1055,1055,52,-68.03151418,44.333856566000065,NA,1,0-0.15,0.76-1.00,NA
schoodic,finn,8/12/2023,sch1055,100,1,red raspberry,rub ida,Rubus idaeus,NA,sch1055,1055,52,-68.03151418,44.333856566000065,NA,1,0-0.15,0.76-1.00,shrub
schoodic,finn,8/12/2023,sch1001,100,2,unknown,unk,Galeopsis bifida,NA,sch1001,1001,52,-68.03182802,44.333704553000075,NA,2,0.15-0.30,0.76-1.00,NA
schoodic,finn,8/12/2023,sch1001,100,2,unknown,unk,Epilobium ciliatum,NA,sch1001,1001,52,-68.03182802,44.333704553000075,NA,2,0.15-0.30,0.76-1.00,herb
schoodic,finn,8/12/2023,sch1001,100,2,unknown,unk,Elymus trachycaulus,NA,sch1001,1001,52,-68.03182802,44.333704553000075,NA,2,0.15-0.30,0.76-1.00,NA
schoodic,finn,8/12/2023,sch1001,100,2,kentucky bluegrass,poa pra,Poa pratensis,NA,sch1001,1001,52,-68.03182802,44.333704553000075,NA,2,0.15-0.30,0.76-1.00,gram
schoodic,finn,8/12/2023,sch1308,100,2,unknown,unk,Agrostis stolonifera,NA,sch1308,1308,52,-68.03216276,44.333714377000035,NA,2,0.15-0.30,0.76-1.00,gram
schoodic,finn,8/12/2023,sch1009,100,2,kentucky bluegrass,poa pra,Poa pratensis,NA,sch1009,1009,52,-68.03251902,44.33366128500006,NA,2,0.15-0.30,0.76-1.00,gram
schoodic,finn,8/12/2023,sch1009,100,2,seaside goldenrod,sol sem,Solidago sempervirens,NA,sch1009,1009,52,-68.03251902,44.33366128500006,NA,2,0.15-0.30,0.76-1.00,herb
schoodic,finn,8/12/2023,sch980,100,3,wrinkleleaf goldenrod,sol rug,Solidago rugosa,NA,sch980,980,52,-68.03265755,44.33364055100003,NA,3,0.30-1,0.76-1.00,herb
schoodic,finn,8/12/2023,sch980,100,3,rough bentgrass,agr sca,Agrostis scabra,NA,sch980,980,52,-68.03265755,44.33364055100003,NA,3,0.30-1,0.76-1.00,gram
schoodic,finn,8/12/2023,sch980,100,3,seaside goldenrod,sol sem,Solidago sempervirens,NA,sch980,980,52,-68.03265755,44.33364055100003,NA,3,0.30-1,0.76-1.00,herb
schoodic,finn,8/12/2023,sch980,100,3,red raspberry,rub ida,Rubus idaeus,NA,sch980,980,52,-68.03265755,44.33364055100003,NA,3,0.30-1,0.76-1.00,shrub
schoodic,finn,8/12/2023,sch980,100,3,sheep sorrel,rum ace,Rumex acetosella,NA,sch980,980,52,-68.03265755,44.33364055100003,NA,3,0.30-1,0.76-1.00,herb
schoodic,finn,8/12/2023,sch749,NA,3,wrinkleleaf goldenrod,sol rug,Solidago rugosa,NA,sch749,749,52,-68.03278212,44.333596588000034,NA,3,0.30-1,NA,herb
schoodic,finn,8/12/2023,sch749,NA,3,red raspberry,rub ida,Rubus idaeus,umbellate infl. Jointed plant that I collected on GDI is near this plot,sch749,749,52,-68.03278212,44.333596588000034,NA,3,0.30-1,NA,shrub
schoodic,finn,8/12/2023,sch943,75,3,yarrow,ach mil,Achillea millefolium,NA,sch943,943,52,-68.03310875,44.333576434000065,NA,3,0.30-1,0.51-0.75,herb
schoodic,finn,8/12/2023,sch943,75,3,unknown,unk,Elymus trachycaulus,NA,sch943,943,52,-68.03310875,44.333576434000065,NA,3,0.30-1,0.51-0.75,NA
schoodic,finn,8/12/2023,sch943,75,3,red raspberry,rub ida,Rubus idaeus,NA,sch943,943,52,-68.03310875,44.333576434000065,NA,3,0.30-1,0.51-0.75,shrub
schoodic,finn,8/12/2023,sch943,75,3,common mouse-ear chickweed,cer fon,Cerastium fontanum,NA,sch943,943,52,-68.03310875,44.333576434000065,NA,3,0.30-1,0.51-0.75,herb
schoodic,finn,8/12/2023,sch943,75,3,old-field cinquefoil,pot sim,Potentilla simplex,NA,sch943,943,52,-68.03310875,44.333576434000065,NA,3,0.30-1,0.51-0.75,herb
schoodic,finn,8/12/2023,sch943,75,3,unknown,unk,Potentilla norvegica,NA,sch943,943,52,-68.03310875,44.333576434000065,NA,3,0.30-1,0.51-0.75,herb
schoodic,finn,8/12/2023,sch943,75,3,dooryard dock,rum lon,Rumex longifolius,NA,sch943,943,52,-68.03310875,44.333576434000065,NA,3,0.30-1,0.51-0.75,herb
schoodic,finn,8/12/2023,sch1074,100,3,wrinkleleaf goldenrod,sol rug,Solidago rugosa,NA,sch1074,1074,52,-68.03359419,44.33336552900005,NA,3,0.30-1,0.76-1.00,herb
schoodic,finn,8/12/2023,sch1074,100,3,marsh skullcap,scu gal,Scutellaria galericulata,NA,sch1074,1074,52,-68.03359419,44.33336552900005,NA,3,0.30-1,0.76-1.00,herb
schoodic,finn,8/12/2023,sch1074,100,3,unknown,unk,Epilobium ciliatum,NA,sch1074,1074,52,-68.03359419,44.33336552900005,NA,3,0.30-1,0.76-1.00,herb
schoodic,finn,8/12/2023,sch1074,100,3,canada thistle,cir arv,Cirsium arvense,NA,sch1074,1074,52,-68.03359419,44.33336552900005,NA,3,0.30-1,0.76-1.00,herb
schoodic,finn,8/12/2023,sch863,100,3,unknown,unk,Elymus trachycaulus,NA,sch863,863,52,-68.03384478,44.33345851800004,NA,3,0.30-1,0.76-1.00,NA
schoodic,finn,8/12/2023,sch863,100,3,wrinkleleaf goldenrod,sol rug,Solidago rugosa,NA,sch863,863,52,-68.03384478,44.33345851800004,NA,3,0.30-1,0.76-1.00,herb
schoodic,finn,8/12/2023,sch863,100,3,unknown,unk,Galeopsis bifida,NA,sch863,863,52,-68.03384478,44.33345851800004,NA,3,0.30-1,0.76-1.00,NA
schoodic,finn,8/12/2023,sch863,100,3,canada thistle,cir arv,Cirsium arvense,NA,sch863,863,52,-68.03384478,44.33345851800004,NA,3,0.30-1,0.76-1.00,herb
schoodic,finn,8/12/2023,sch863,100,3,marsh skullcap,scu gal,Scutellaria galericulata,NA,sch863,863,52,-68.03384478,44.33345851800004,NA,3,0.30-1,0.76-1.00,herb
schoodic,finn,8/12/2023,sch863,100,3,red raspberry,rub ida,Rubus idaeus,NA,sch863,863,52,-68.03384478,44.33345851800004,NA,3,0.30-1,0.76-1.00,shrub
schoodic,finn,8/12/2023,sch863,100,3,unknown,unk,Epilobium ciliatum,NA,sch863,863,52,-68.03384478,44.33345851800004,NA,3,0.30-1,0.76-1.00,herb
schoodic,finn,8/12/2023,sch863,100,3,kentucky bluegrass,poa pra,Poa pratensis,NA,sch863,863,52,-68.03384478,44.33345851800004,NA,3,0.30-1,0.76-1.00,gram
schoodic,finn,8/12/2023,sch863,100,3,seaside goldenrod,sol sem,Solidago sempervirens,NA,sch863,863,52,-68.03384478,44.33345851800004,NA,3,0.30-1,0.76-1.00,herb
schoodic,finn,8/12/2023,sch863,100,3,hedge bindweed,cal sep,Calystegia sepium,NA,sch863,863,52,-68.03384478,44.33345851800004,NA,3,0.30-1,0.76-1.00,vine
schoodic,finn,8/12/2023,sch863,100,3,common mouse-ear chickweed,cer fon,Cerastium fontanum,NA,sch863,863,52,-68.03384478,44.33345851800004,NA,3,0.30-1,0.76-1.00,herb
schoodic,finn,8/12/2023,sch760,25,1,rough cinquefoil,pot nor,Potentilla norvegica,NA,sch760,760,52,-68.0321329,44.33635700000008,NA,1,0-0.15,0.06-0.25,herb
schoodic,finn,8/12/2023,sch760,25,1,stinging nettle,urt dio,Urtica dioica,NA,sch760,760,52,-68.0321329,44.33635700000008,NA,1,0-0.15,0.06-0.25,herb
schoodic,finn,8/12/2023,sch760,25,1,unknown,unk,Capsella bursa-pastoris,NA,sch760,760,52,-68.0321329,44.33635700000008,NA,1,0-0.15,0.06-0.25,NA
schoodic,finn,8/12/2023,sch760,25,1,unknown,unk,Ribes glandulosum,NA,sch760,760,52,-68.0321329,44.33635700000008,NA,1,0-0.15,0.06-0.25,NA
schoodic,finn,8/12/2023,sch760,25,1,dooryard dock,rum lon,Rumex longifolius,NA,sch760,760,52,-68.0321329,44.33635700000008,NA,1,0-0.15,0.06-0.25,herb
schoodic,finn,8/12/2023,sch963,100,4,unknown,unk,Epilobium ciliatum,NA,sch963,963,52,-68.03198136,44.33616478800008,NA,4,1-1.5,0.76-1.00,herb
schoodic,finn,8/12/2023,sch963,100,4,red raspberry,rub ida,Rubus idaeus,NA,sch963,963,52,-68.03198136,44.33616478800008,NA,4,1-1.5,0.76-1.00,shrub
schoodic,finn,8/12/2023,sch963,100,4,spotted jewelweed,imp cap,Impatiens capensis,NA,sch963,963,52,-68.03198136,44.33616478800008,NA,4,1-1.5,0.76-1.00,herb
schoodic,finn,8/12/2023,sch963,100,4,unknown,unk,Galeopsis bifida,NA,sch963,963,52,-68.03198136,44.33616478800008,NA,4,1-1.5,0.76-1.00,NA
