location,collected by,date,gps,cover,height,common,spp_code,spp,notes
heron,finn,5/27/2023,hrn3114,1,1,NA,NA,NA,trans 4 -> HERG nest ~3m out of range
heron,finn,5/27/2023,hrn2936,1,1,NA,NA,NA,"1) HERG nest w/ 3 eggs just out of range, 2) HERG w/ 2 1m off, 1 w/in radius (don't want to double count)"
heron,finn,5/27/2023,hrn3058,100,2,valerian,val off,valeriana officinalis,
heron,finn,5/27/2023,hrn3058,100,2,dandelion,tar off,taraxacum officinale,(drawing on datasheet of leaf margin)
heron,finn,5/27/2023,hrn3058,100,2,stinging nettle,urt dio,urtica dioica,
heron,finn,5/27/2023,hrn3058,100,2,strawberry,fra vir,fragaria virginiana,
heron,finn,5/27/2023,hrn3058,100,2,unknown,unk,Caryophalles (#77),
heron,finn,5/27/2023,hrn3058,100,2,corn speedwell,ver arv,veronica arvensis,
heron,finn,5/27/2023,hrn3058,100,2,unknown,unk,Solidago (#64),
heron,finn,5/27/2023,hrn3058,100,2,bittersweet nightshade,sol dul,solanum dulcamara,
heron,finn,5/27/2023,hrn3058,100,2,unknown,unk,Thistle (#75),
heron,finn,5/27/2023,hrn3058,100,2,hedge bindweed,cal sep,calystegia sepium,
heron,finn,5/27/2023,hrn3077,100,2,unknown,unk,Thistle (#75),
heron,finn,5/27/2023,hrn3077,100,2,hedge bindweed,cal sep,calystegia sepium,
heron,finn,5/27/2023,hrn3077,100,2,unknown,unk,Poa #3,
heron,finn,5/27/2023,hrn3077,100,2,unknown,unk,Solidago (#64),
heron,finn,5/27/2023,hrn3077,100,2,stinging nettle,urt dio,urtica dioica,
heron,finn,5/27/2023,hrn3077,100,2,white clover,tri rep,trifolium repens,
heron,finn,5/27/2023,hrn3077,100,2,dandelion,tar off,taraxacum officinale,
heron,finn,5/27/2023,hrn3077,100,2,unknown,unk,Caryophalles (#77),
heron,finn,5/27/2023,hrn2914,100,3,buttercup,ran acr,ranunculus acris,
heron,finn,5/27/2023,hrn2914,100,3,dandelion,tar off,taraxacum officinale,(drawing on datasheet of leaf margin)
heron,finn,5/27/2023,hrn2914,100,3,unknown,unk,Solidago (#64),
heron,finn,5/27/2023,hrn2914,100,3,unknown,unk,Poa spp #73,
heron,finn,5/27/2023,hrn2914,100,3,marsh vetch,lat pal,lathyrus palustris,(lat pal marsh vetch)
heron,finn,5/27/2023,hrn2914,100,3,unknown,unk,Rubus shrub spp. (#32),
heron,finn,5/27/2023,hrn2914,100,3,unknown,unk,Poa spp #19,edge of colony
heron,finn,5/27/2023,hrn3215,100,3,unknown,unk,Rubus shrub spp. (#32),
heron,finn,5/27/2023,hrn3215,100,3,unknown,unk,Poa spp #19,
heron,finn,5/27/2023,hrn3215,100,3,stinging nettle,urt dio,urtica dioica,
heron,finn,5/27/2023,hrn3215,100,3,unknown,unk,Poa #3,
heron,finn,5/27/2023,hrn3215,100,3,unknown,unk,Solidago (#100),
heron,finn,5/27/2023,hrn3215,100,3,hedge bindweed,cal sep,calystegia sepium,
heron,finn,5/27/2023,hrn3215,100,3,unknown,unk,Cleavers (#37),
heron,finn,5/27/2023,hrn2772,25,2,hedge bindweed,cal sep,calystegia sepium,
heron,finn,5/27/2023,hrn2772,25,2,broadleaf plantain,pla maj,plantago major,
heron,finn,5/27/2023,hrn2772,25,2,unknown,unk,Rosaceae #95,
heron,finn,5/27/2023,hrn2772,25,2,unknown,unk,Poa spp (tufting),
heron,finn,5/27/2023,hrn2772,25,2,beach vetchling,lat jap,lathyrus japonicus,
heron,finn,5/27/2023,hrn3322,75,2,unknown,unk,Strawberry,(on edge of height class 3)
heron,finn,5/27/2023,hrn3322,75,2,unknown,unk,Solidago (#64),
heron,finn,5/27/2023,hrn3322,75,2,unknown,unk,Solidago (#100),
heron,finn,5/27/2023,hrn3322,75,2,unknown,unk,Caryophalles (#77),
heron,finn,5/27/2023,hrn3322,75,2,northern blue flag,iri ver,iris versicolor,
heron,finn,5/27/2023,hrn3322,75,2,unknown,unk,Poa spp #19,
heron,finn,5/27/2023,hrn3322,75,2,unknown,unk,Lamiales (#39),
heron,finn,5/27/2023,hrn2911,1,1,NA,NA,NA,lots of Solanum dulcamara on this section just outside plot
heron,finn,5/27/2023,hrn2970,100,3,unknown,unk,Poa spp #19,
heron,finn,5/27/2023,hrn2970,100,3,stinging nettle,urt dio,urtica dioica,
heron,finn,5/27/2023,hrn2970,100,3,bittersweet nightshade,sol dul,solanum dulcamara,
heron,finn,5/27/2023,hrn2694,100,3,unknown,unk,Poa spp #19,
heron,finn,5/27/2023,hrn2694,100,3,unknown,unk,Solidago (#100),
heron,finn,5/27/2023,hrn2694,100,3,unknown,unk,Lamiales (#39),
heron,finn,5/27/2023,hrn2694,100,3,unknown,unk,Solidago (#64),
heron,finn,5/27/2023,hrn2694,100,3,strawberry,fra vir,fragaria virginiana,
heron,finn,5/27/2023,hrn2694,100,3,kentucky bluegrass,poa pra,poa pratensis,
heron,finn,5/27/2023,hrn2694,100,3,buttercup,ran acr,ranunculus acris,
heron,finn,5/27/2023,hrn2694,100,3,valerian,val off,valeriana officionalis,
heron,finn,5/27/2023,hrn2749,50,2,silverweed,pot ans,potentilla anserina,
heron,finn,5/27/2023,hrn2749,50,2,beach vetchling,lat jap,lathyrus japonicus,
heron,finn,5/27/2023,hrn2749,50,2,unknown,unk,Solidago (#64),
heron,finn,5/27/2023,hrn2749,50,2,unknown,unk,Solidago (#100),
heron,finn,5/27/2023,hrn2749,50,2,hedge bindweed,cal sep,calystegia sepium,
heron,finn,5/27/2023,hrn2749,50,2,valerian,val off,Valeriana officionalis,
heron,finn,5/27/2023,hrn2749,50,2,unknown,unk,Poaceae #84,(Elymus?)
heron,finn,5/27/2023,hrn3342,1,1,NA,NA,NA,berm
heron,finn,5/27/2023,hrn2967,100,3,unknown,unk,Poa spp #19,
heron,finn,5/27/2023,hrn2967,100,3,strawberry,fra vir,fragaria virginiana,
heron,finn,5/27/2023,hrn2967,100,3,yarrow,ach mil,achillea millefolium,
heron,finn,5/27/2023,hrn2967,100,3,unknown,unk,Caryophalles (#77),
heron,finn,5/27/2023,hrn2967,100,3,unknown,unk,Solidago (#64),
heron,finn,5/27/2023,hrn2967,100,3,hedge bindweed,cal sep,calystegia sepium,
heron,finn,5/27/2023,hrn2967,100,3,kentucky bluegrass,poa pra,Poa pratensis,
heron,finn,5/27/2023,hrn3044,100,1,unknown,unk,Solidago (#64),
heron,finn,5/27/2023,hrn3044,100,1,kentucky bluegrass,poa pra,Poa pratensis,
heron,finn,5/27/2023,hrn3044,100,1,unknown,unk,Rubus shrub spp. (#32),
heron,finn,5/27/2023,hrn3044,100,1,canada mayflower,mai can,maianthemum canadense,
heron,finn,5/27/2023,hrn3044,100,1,unknown,unk,Sedge #82,
heron,finn,5/27/2023,hrn2752,100,2,buttercup,ran acr,ranunculus acris,
heron,finn,5/27/2023,hrn2752,100,2,unknown,unk,Solidago (#64),
heron,finn,5/27/2023,hrn2752,100,2,unknown,unk,Poa spp #19,
heron,finn,5/27/2023,hrn2752,100,2,kentucky bluegrass,poa pra,Poa pratensis,
heron,finn,5/27/2023,hrn3209,100,3,unknown,unk,Poa spp #19,
heron,finn,5/27/2023,hrn3209,100,3,unknown,unk,Thistle (#75),
heron,finn,5/27/2023,hrn3209,100,3,unknown,unk,Solidago (#64),
heron,finn,5/27/2023,hrn3209,100,3,dandelion,tar off,taraxacum officionale,
heron,finn,5/27/2023,hrn3209,100,3,unknown,unk,Vetch #99,
heron,finn,5/27/2023,hrn2999,100,2,unknown,unk,Solidago #64,
heron,finn,5/27/2023,hrn2999,100,2,unknown,unk,Thistle (#75),
heron,finn,5/27/2023,hrn2999,100,2,unknown,unk,Cleavers (#37),
shabby,finn + taylor,5/31/2023,shab653,100,3,unknown,unk,Calamagrostis #8,
shabby,finn + taylor,5/31/2023,shab653,100,3,seabeach dock,rum pal,Rumex pallidus,
shabby,finn + taylor,5/31/2023,shab653,100,3,burdock,arctium,arctium sp,
shabby,finn + taylor,5/31/2023,shab653,100,3,raspberry,rub ida,rubus idaeus,
shabby,finn + taylor,5/31/2023,shab653,100,3,unknown,unk,#5,
shabby,finn + taylor,5/31/2023,shab640,50,4,stinging nettle,urt dio,urtica dioica,
shabby,finn + taylor,5/31/2023,shab640,50,4,raspberry,rub ida,rubus idaeus,
shabby,finn + taylor,5/31/2023,shab640,50,4,burdock,arctium,arctium sp,
shabby,finn + taylor,5/31/2023,shab649,1,1,NA,NA,NA,
shabby,finn + taylor,5/31/2023,shab621,75,2,stinging nettle,urt dio,urtica dioica,
shabby,finn + taylor,5/31/2023,shab621,75,2,unknown,unk,Poa pratensis (#6),
shabby,finn + taylor,5/31/2023,shab621,75,2,unknown,unk,Thistle sp,
shabby,finn + taylor,5/31/2023,shab621,75,2,unknown,unk,Calamagrostis #8,(calam. C.f. #8)
shabby,finn + taylor,5/31/2023,shab621,75,2,unknown,unk,young yarrow? #56,
shabby,finn + taylor,5/31/2023,shab621,75,2,american wild mint,men can,Mentha canadensis,
shabby,finn + taylor,5/31/2023,shab633,1,1,NA,NA,NA,
shabby,finn + taylor,5/31/2023,shab617,100,3,bittersweet nightshade,sol dul,solanum dulcamara,
shabby,finn + taylor,5/31/2023,shab617,100,3,unknown,unk,Calamagrostis #8,
shabby,finn + taylor,5/31/2023,shab630,75,4,,,,wtf taylor
shabby,finn + taylor,5/31/2023,shab616,1,1,NA,NA,NA,
shabby,finn + taylor,5/31/2023,shab638,100,1,unknown,unk,Poa pratensis (#6),
shabby,finn + taylor,5/31/2023,shab649,100,2,stinging nettle,urt dio,urtica dioica,
shabby,finn + taylor,5/31/2023,shab649,100,2,unknown,unk,Poa pratensis (#16),
shabby,finn + taylor,5/31/2023,shab649,100,2,unknown,unk,Calamagrostis #8,
shabby,finn + taylor,5/31/2023,shab646,100,2,unknown,unk,Calamagrostis #8,
shabby,finn + taylor,5/31/2023,shab646,100,2,unknown,unk,Solidago #2,
shabby,finn + taylor,5/31/2023,shab646,100,2,unknown,unk,Atriplex #35,
shabby,finn + taylor,5/31/2023,shab635,100,1,corn speedwell,ver arv,veronica arvensis,
shabby,finn + taylor,5/31/2023,shab635,100,1,yarrow,ach mil,achillea millefolium,
shabby,finn + taylor,5/31/2023,shab635,100,1,unknown,unk,Atriplex #35,
shabby,finn + taylor,5/31/2023,shab635,100,1,unknown,unk,Poa pratensis (#16),
shabby,finn + taylor,5/31/2023,shab635,100,1,unknown,unk,young yarrow? #56,
shabby,finn + taylor,5/31/2023,shab635,100,1,unknown,unk,Veronica #1,
shabby,finn + taylor,5/31/2023,shab614,1,1,NA,NA,NA,
shabby,finn + taylor,5/31/2023,shab611,100,2,unknown,unk,Poa pratensis #16),
shabby,finn + taylor,5/31/2023,shab611,100,2,bittersweet nightshade,sol dul,solanum dulcamara,
shabby,finn + taylor,5/31/2023,shab644,50,1,unknown,unk,#53,
shabby,finn + taylor,5/31/2023,shab644,50,1,pineappleweed,mat dis,matricaria discoidea,
shabby,finn + taylor,5/31/2023,shab644,50,1,yarrow,ach mil,achillea millefolium,
shabby,finn + taylor,5/31/2023,shab644,50,1,unknown,unk,grass #54,
shabby,finn + taylor,5/31/2023,shab621,100,2,unknown,unk,Calamagrostis #8,
shabby,finn + taylor,5/31/2023,shab629,5,1,stinging nettle,urt dio,urtica dioica,
shabby,finn + taylor,5/31/2023,shab629,5,1,unknown,unk,Calamagrostis #8,
shabby,finn + taylor,5/31/2023,shab629,5,1,unknown,unk,Poa pratensis (#16),
GDI,finn,7/12/2023,gdi168,100,3,red fescue,fes rub,festuca rubra,
GDI,finn,7/12/2023,gdi168,100,3,yarrow,ach mil,achillea millefolium,
GDI,finn,7/12/2023,gdi168,100,3,raspberry,rub ida,rubus idaeus,
GDI,finn,7/12/2023,gdi168,100,3,seaside goldenrod,sol sem,solidago sempervirens,
GDI,finn,7/12/2023,gdi168,100,3,flat-topped aster,doe umb,doellingeria umbellata,
GDI,finn,7/12/2023,gdi168,100,3,swamp dewberry,rub his,rubus hispidus,
GDI,finn,7/12/2023,gdi168,100,3,creeping bentgrass,agr sto,agrostis stolonifera,
GDI,finn,7/12/2023,gdi168,100,3,kentucky bluegrass,poa pra,poa pratensis,
GDI,finn,7/12/2023,gdi168,100,3,meadow hawkweed,hie cae,hieracium caespitosum,
GDI,finn,7/12/2023,gdi942,100,3,field chickweed,cer arv,cerastium arvense,
GDI,finn,7/12/2023,gdi942,100,3,raspberry,rub ida,rubus idaeus,
GDI,finn,7/12/2023,gdi942,100,3,buttercup,ran acr,ranunculus acris,
GDI,finn,7/12/2023,gdi942,100,3,strawberry,fra vir,fragaria virginiana,
GDI,finn,7/12/2023,gdi942,100,3,red fescue,fes rub,festuca rubra,
GDI,finn,7/12/2023,gdi942,100,3,seaside goldenrod,sol sem,solidago sempervirens,
GDI,finn,7/12/2023,gdi942,100,3,sheep sorrel,rum ace,rumex acetosella,
GDI,finn,7/12/2023,gdi942,100,3,meadow hawkweed,hie cae,hieracium caespitosum,
GDI,finn,7/12/2023,gdi942,100,3,unknown,unk,Dock sp #45,
GDI,finn,7/12/2023,gdi624,100,2,seaside goldenrod,sol sem,solidago sempervirens,
GDI,finn,7/12/2023,gdi624,100,2,wrinkleleaf goldenrod,sol rug,solidago rugosa,
GDI,finn,7/12/2023,gdi624,100,2,strawberry,fra vir,fragaria virginiana,
GDI,finn,7/12/2023,gdi624,100,2,red fescue,fes rub,festuca rubra,
GDI,finn,7/12/2023,gdi624,100,2,field chickweed,cer arv,cerastium arvense,
GDI,finn,7/12/2023,gdi314,100,3,yarrow,ach mil,achillea millefolium,
GDI,finn,7/12/2023,gdi314,100,3,raspberry,rub ida,rubus idaeus,
GDI,finn,7/12/2023,gdi314,100,3,field chickweed,cer arv,cerastium arvense,
GDI,finn,7/12/2023,gdi314,100,3,seaside goldenrod,sol sem,solidago sempervirens,
GDI,finn,7/12/2023,gdi314,100,3,strawberry,fra vir,fragaria virginiana,
GDI,finn,7/12/2023,gdi314,100,3,sheep sorrel,rum ace,rumex acetosella,"Right next to trampled bare ""lawn"" of nest #913"
GDI,finn,7/12/2023,gdi899,1,1,NA,NA,NA,berm
GDI,finn,7/12/2023,gdi340,1,1,NA,NA,NA,berm
GDI,finn,7/12/2023,gdi541,100,4,buttercup,ran acr,ranunculus acris,
GDI,finn,7/12/2023,gdi541,100,4,raspberry,rub ida,rubus idaeus,
GDI,finn,7/12/2023,gdi541,100,4,dodder,cus gro,cuscuta gronovii,
GDI,finn,7/12/2023,gdi541,100,4,spotted jewelweed,imp cap,impatiens capensis,
GDI,finn,7/12/2023,gdi541,100,4,unknown,unk,Lamiaceae #30,
GDI,finn,7/12/2023,gdi67,100,2,wrinkleleaf goldenrod,sol rug,solidago rugosa,
GDI,finn,7/12/2023,gdi67,100,2,seaside goldenrod,sol sem,solidago sempervirens,
GDI,finn,7/12/2023,gdi67,100,2,sheep sorrel,rum ace,rumex acetosella,
GDI,finn,7/12/2023,gdi67,100,2,raspberry,rub ida,rubus idaeus,
GDI,finn,7/12/2023,gdi67,100,2,swamp dewberry,rub his,rubus hispidus,
GDI,finn,7/12/2023,gdi50,100,3,raspberry,rub ida,rubus idaeus,
GDI,finn,7/12/2023,gdi50,100,3,seaside goldenrod,sol sem,solidago sempervirens,
GDI,finn,7/12/2023,gdi50,100,3,hedge bindweed,cal sep,calystegia sepium,
GDI,finn,7/12/2023,gdi50,100,3,red fescue,fes rub,festuca rubra,
GDI,finn,7/12/2023,gdi50,100,3,strawberry,fra vir,fragaria virginiana,
GDI,finn,7/12/2023,gdi50,100,3,bunchberry,cor can,cornus canadensis,
GDI,finn,7/12/2023,gdi50,100,3,field chickweed,cer arv,cerastium arvense,
GDI,finn,7/12/2023,gdi829,1,1,NA,NA,NA,berm
GDI,finn,7/12/2023,gdi106,100,3,raspberry,rub ida,rubus idaeus,
GDI,finn,7/12/2023,gdi106,100,3,buttercup,ran acr,ranunculus acris,
GDI,finn,7/12/2023,gdi106,100,3,red fescue,fes rub,festuca rubra,
GDI,finn,7/12/2023,gdi106,100,3,seaside goldenrod,sol sem,solidago sempervirens,
GDI,finn,7/12/2023,gdi106,100,3,unknown,unk,Min lat,
GDI,finn,7/12/2023,gdi106,100,3,hedge bindweed,cal sep,calystegia sepium,
GDI,finn,7/12/2023,gdi106,100,3,strawberry,fra vir,fragaria virginiana,
GDI,finn,7/12/2023,gdi129,100,4,raspberry,rub ida,rubus idaeus,
GDI,finn,7/12/2023,gdi408,100,3,raspberry,rub ida,rubus idaeus,
GDI,finn,7/12/2023,gdi408,100,3,wrinkleleaf goldenrod,sol rug,solidago rugosa,
GDI,finn,7/12/2023,gdi408,100,3,smooth black sedge,cx nigr,carex nigra,
GDI,finn,7/12/2023,gdi408,100,3,seaside goldenrod,sol sem,solidago sempervirens,
GDI,finn,7/12/2023,gdi408,100,3,flat-topped aster,doe umb,doellingeria umbellata,
GDI,finn,7/12/2023,gdi408,100,3,low-bush blueberry,vac ang,vaccinium angustifolium,
GDI,finn,7/12/2023,gdi408,100,3,swamp dewberry,rub his,rubus hispidus,
GDI,finn,7/12/2023,gdi408,100,3,kentucky bluegrass,poa pra,poa pratensis,
GDI,finn,7/12/2023,gdi408,100,3,strawberry,fra vir,fragaria virginiana,
GDI,finn,7/12/2023,gdi812,100,1,yarrow,ach mil,Achillea millefolium,
GDI,finn,7/12/2023,gdi812,100,1,strawberry,fra vir,fragaria virginiana,
GDI,finn,7/12/2023,gdi812,100,1,low-bush blueberry,vac ang,vaccinium angustifolium,
GDI,finn,7/12/2023,gdi812,100,1,common woodrush,luz mul,luzula multiflora,
GDI,finn,7/12/2023,gdi812,100,1,seaside goldenrod,sol sem,solidago sempervirens,
GDI,finn,7/12/2023,gdi812,100,1,bunchberry,cor can,cornus canadensis,
GDI,finn,7/12/2023,gdi812,100,1,field chickweed,cer arv,cerastium arvense,
GDI,finn,7/12/2023,gdi812,100,1,canada mayflower,mai can,maianthemum canadense,
GDI,finn,7/12/2023,gdi812,100,1,unknown,unk,Poaceae #22,
GDI,finn,7/12/2023,gdi51,100,4,bittersweet nightshade,sol dul,solanum dulcamara,
GDI,finn,7/12/2023,gdi51,100,4,raspberry,rub ida,rubus idaeus,
GDI,finn,7/12/2023,gdi51,100,4,hedge bindweed,cal sep,calystegia sepium,
GDI,finn,7/12/2023,gdi51,100,4,seaside goldenrod,sol sem,solidago sempervirens,
GDI,finn,7/12/2023,gdi51,100,4,field chickweed,cer arv,cerastium arvense,
GDI,finn,7/12/2023,gdi51,100,4,stinging nettle,urt dio,urtica dioica,
GDI,finn,7/12/2023,gdi51,100,4,common chickweed,ste med,stellaria media,
GDI,finn,7/12/2023,gdi830,1,1,NA,NA,NA,
GDI,finn,7/12/2023,gdi39,100,3,raspberry,rub ida,rubus idaeus,
GDI,finn,7/12/2023,gdi39,100,3,wrinkleleaf goldenrod,sol rug,solidago rugosa,
GDI,finn,7/12/2023,gdi39,100,3,red fescue,fes rub,festuca rubra,
GDI,finn,7/12/2023,gdi39,100,3,seaside goldenrod,sol sem,solidago sempervirens,
GDI,finn,7/12/2023,gdi39,100,3,swamp dewberry,rub his,rubus hispidus,
GDI,Finn + Autumn,7/12/2023,gdi761,75,3,bittersweet nightshade,sol dul,solanum dulcamara,edge of berm; next to nest 449. Elymus tra and S. dulcamara growing near nest but outside quadrat
GDI,Finn + Autumn,7/12/2023,gdi70,75,1,wrinkleleaf goldenrod,sol rug,solidago rugosa,
GDI,Finn + Autumn,7/12/2023,gdi70,75,1,seaside goldenrod,sol sem,solidago sempervirens,
GDI,Finn + Autumn,7/12/2023,gdi70,75,1,sheep sorrel,rum ace,rumex acetosella,
GDI,Finn + Autumn,7/12/2023,gdi70,75,1,red fescue,fes rub,festuca rubra,
GDI,Finn + Autumn,7/12/2023,gdi70,75,1,kentucky bluegrass,poa pra,poa pratensis,
GDI,Finn + Autumn,7/12/2023,gdi70,75,1,sweetgale,myr gal,myrica gale,
GDI,Finn + Autumn,7/12/2023,gdi70,75,1,unknown,unk,dock sp #51,
GDI,Finn + Autumn,7/12/2023,gdi70,75,1,strawberry,fra vir,fragaria virginiana,
GDI,Finn + Autumn,7/12/2023,gdi70,75,1,field chickweed,cer arv,cerastium arvense,
GDI,Finn + Autumn,7/12/2023,gdi70,75,1,raspberry,rub ida,rubus idaeus,
GDI,Finn + Autumn,7/12/2023,gdi576,5,2,sea plantain,pla mar,plantago maritima,directly N of nest #3(??) (basically standing on it)
Schoodic,Finn,8/12/2023,sch1060,100,2,seaside goldenrod,sol sem,solidago sempervirens,
Schoodic,Finn,8/12/2023,sch1060,100,2,stinging nettle,urt dio,urtica dioica,
Schoodic,Finn,8/12/2023,sch1060,100,2,canada thistle,cir arv,cirsium arvense,
Schoodic,Finn,8/12/2023,sch1060,100,2,unknown,,lamiaceae #70,
Schoodic,Finn,8/12/2023,sch1060,100,2,red raspberry,rub ida,rubus idaeus,
Schoodic,Finn,8/12/2023,sch1060,100,2,kentucky bluegrass,poa pra,poa pratensis,
Schoodic,finn,8/12/2023,sch854,1,1,NA,NA,NA,#36 nearby
Schoodic,finn,8/12/2023,sch1235,100,4,canada thistle,cir arv,cirsium arvense,
Schoodic,finn,8/12/2023,sch1235,100,4,unknown,unk,lamiaceae #70,
Schoodic,finn,8/12/2023,sch1235,100,4,red raspberry,rub ida,rubus idaeus,
Schoodic,finn,8/12/2023,sch1109,100,3,unknown,unk,#36,
Schoodic,finn,8/12/2023,sch1109,100,3,flat-topped aster,doe umb,doellingeria umbellata,
Schoodic,finn,8/12/2023,sch1109,100,3,red raspberry,rub ida,rubus idaeus,
Schoodic,finn,8/12/2023,sch1109,100,3,unknown,unk,lamiaceae #70,
Schoodic,finn,8/12/2023,sch1109,100,3,unknown,unk,elymus #33,bull thistle + solidago rugosa + poa pratensis just outside
Schoodic,finn,8/12/2023,sch1268,100,3,unknown,unk,elymus #33,
Schoodic,finn,8/12/2023,sch1268,100,3,canada thistle,cir arv,cirsium arvense,
Schoodic,finn,8/12/2023,sch1268,100,3,red raspberry,rub ida,rubus idaeus,
Schoodic,finn,8/12/2023,sch1268,100,3,wrinkleleaf goldenrod,sol rug,solidago rugosa,
Schoodic,finn,8/12/2023,sch1268,100,3,unknown,unk,lamiaceae #70,
Schoodic,finn,8/12/2023,sch1268,100,3,kentucky bluegrass,poa pra,poa pratensis,1st year bull thistle just outside
Schoodic,finn,8/12/2023,sch1261,100,4,red raspberry,rub ida,rubus idaeus,
Schoodic,finn,8/12/2023,sch1261,100,4,unknown,unk,lamiaceae #70,canada thistle nearby
Schoodic,finn,8/12/2023,sch762,100,4,spotted jewelweed,imp cap,impatiens capensis,
Schoodic,finn,8/12/2023,sch762,100,4,bull thistle,cir vul,cirsium vulgare,
Schoodic,finn,8/12/2023,sch762,100,4,unknown,unk,#36,
Schoodic,finn,8/12/2023,sch1155,100,3,red raspberry,rub ida,rubus idaeus,
Schoodic,finn,8/12/2023,sch1155,100,3,unknown,unk,#36,
Schoodic,finn,8/12/2023,sch1155,100,3,unknown,unk,#7,
Schoodic,finn,8/12/2023,sch1155,100,3,unknown,unk,lamiaceae #70,"big patch of #7 nearby, growth form similar to hobblebush"
Schoodic,finn,8/12/2023,sch1146,100,3,red raspberry,rub ida,rubus idaeus,
Schoodic,finn,8/12/2023,sch1146,100,3,cinnamon fern,osm cin,osmundastrum cinnamomeum,
Schoodic,finn,8/12/2023,sch1146,100,3,dock sp.,rum sp,rumex sp.,
Schoodic,finn,8/12/2023,sch1146,100,3,unknown,unk,#36,
Schoodic,finn,8/12/2023,sch1146,100,3,sheep sorrel,rum ace,rumex acetosella,"bare earth directly S of plot - ""lawn""? Very fine black powdery soil with guano, crustacean remains, and bone fragments"
Schoodic,finn,8/12/2023,sch1120,100,5,red raspberry,rub ida,rubus idaeus,
Schoodic,finn,8/12/2023,sch1039,100,4,spotted jewelweed,imp cap,impatiens capensis,
Schoodic,finn,8/12/2023,sch1039,100,4,stinging nettle,urt dio,urtica dioica,
Schoodic,finn,8/12/2023,sch1039,100,4,unknown,unk,yell. Brassicaceae #58,
Schoodic,finn,8/12/2023,sch1297,100,3,red raspberry,rub ida,rubus idaeus,
Schoodic,finn,8/12/2023,sch1297,100,3,white meadowsweet,spi alb,spiraea alba,
Schoodic,finn,8/12/2023,sch1314,100,3,unknown,unk,#36,
Schoodic,finn,8/12/2023,sch1314,100,3,red raspberry,rub ida,rubus idaeus,
Schoodic,finn,8/12/2023,sch1314,100,3,wrinkleleaf goldenrod,sol rug,solidago rugosa,
Schoodic,finn,8/12/2023,sch935,100,3,wrinkleleaf goldenrod,sol rug,solidago rugosa,1/2 of plot at height class 1 (not bare)
Schoodic,finn,8/12/2023,sch935,100,3,red raspberry,rub ida,rubus idaeus,
Schoodic,finn,8/12/2023,sch935,100,3,unknown,unk,lamiaceae #70,
Schoodic,finn,8/12/2023,sch935,100,3,bull thistle,cir vul,cirsium vulgare,
Schoodic,finn,8/12/2023,sch935,100,3,kentucky bluegrass,poa pra,poa pratensis,
Schoodic,finn,8/12/2023,sch935,100,3,unknown,unk,#36,
Schoodic,finn,8/12/2023,sch1122,100,3,wrinkleleaf goldenrod,sol rug,solidago rugosa,
Schoodic,finn,8/12/2023,sch1122,100,3,seaside goldenrod,sol sem,solidago sempervirens,
Schoodic,finn,8/12/2023,sch1122,100,3,new england aster,sym nov,symphyotrichum novae-angliae,
Schoodic,finn,8/12/2023,sch1122,100,3,strawberry,fra vir,fragaria virginiana,
Schoodic,finn,8/12/2023,sch1122,100,3,unknown,unk,lamiaceae #90,
Schoodic,finn,8/12/2023,sch1122,100,3,kentucky bluegrass,poa pra,poa pratensis,
Schoodic,finn,8/12/2023,sch1122,100,3,rough bentgrass,agr sca,agrostis scabra,
Schoodic,finn,8/12/2023,sch1055,100,1,sheep sorrel,rum ace,rumex acetosella,
Schoodic,finn,8/12/2023,sch1055,100,1,unknown,unk,lamiaceae #70,
Schoodic,finn,8/12/2023,sch1055,100,1,red raspberry,rub ida,rubus idaeus,
Schoodic,finn,8/12/2023,sch1001,100,2,unknown,unk,lamiaceae #70,
Schoodic,finn,8/12/2023,sch1001,100,2,unknown,unk,#36,
Schoodic,finn,8/12/2023,sch1001,100,2,unknown,unk,elymus #33,
Schoodic,finn,8/12/2023,sch1001,100,2,kentucky bluegrass,poa pra,poa pratensis,
Schoodic,finn,8/12/2023,sch1308,100,2,unknown,unk,grass #74,
Schoodic,finn,8/12/2023,sch1009,100,2,kentucky bluegrass,poa pra,poa pratensis,
Schoodic,finn,8/12/2023,sch1009,100,2,seaside goldenrod,sol sem,solidago sempervirens,
Schoodic,finn,8/12/2023,sch980,100,3,wrinkleleaf goldenrod,sol rug,solidago rugosa,
Schoodic,finn,8/12/2023,sch980,100,3,rough bentgrass,agr sca,agrostis scabra,
Schoodic,finn,8/12/2023,sch980,100,3,seaside goldenrod,sol sem,solidago sempervirens,
Schoodic,finn,8/12/2023,sch980,100,3,red raspberry,rub ida,rubus idaeus,
Schoodic,finn,8/12/2023,sch980,100,3,sheep sorrel,rum ace,rumex acetosella,
Schoodic,finn,8/12/2023,sch749,NA,3,wrinkleleaf goldenrod,sol rug,solidago rugosa,
Schoodic,finn,8/12/2023,sch749,NA,3,red raspberry,rub ida,rubus idaeus,umbellate infl. Jointed plant that I collected on GDI is near this plot
Schoodic,finn,8/12/2023,sch943,75,3,yarrow,ach mil,achillea millefolium,
Schoodic,finn,8/12/2023,sch943,75,3,unknown,unk,elymus #33,
Schoodic,finn,8/12/2023,sch943,75,3,red raspberry,rub ida,rubus idaeus,
Schoodic,finn,8/12/2023,sch943,75,3,common mouse-ear chickweed,cer fon,cerastium fontanum,
Schoodic,finn,8/12/2023,sch943,75,3,old-field cinquefoil,pot sim,potentilla simplex,
Schoodic,finn,8/12/2023,sch943,75,3,unknown,unk,potentilla/geum #83,
Schoodic,finn,8/12/2023,sch943,75,3,dooryard dock,rum lon,rumex longifolius,
Schoodic,finn,8/12/2023,sch1074,100,3,wrinkleleaf goldenrod,sol rug,solidago rugosa,
Schoodic,finn,8/12/2023,sch1074,100,3,marsh skullcap,scu gal,scutellaria galericulata,
Schoodic,finn,8/12/2023,sch1074,100,3,unknown,unk,#36,
Schoodic,finn,8/12/2023,sch1074,100,3,canada thistle,cir arv,cirsium arvense,
Schoodic,finn,8/12/2023,sch863,100,3,unknown,unk,elymus #33,
Schoodic,finn,8/12/2023,sch863,100,3,wrinkleleaf goldenrod,sol rug,solidago rugosa,
Schoodic,finn,8/12/2023,sch863,100,3,unknown,unk,lamiaceae #70,
Schoodic,finn,8/12/2023,sch863,100,3,canada thistle,cir arv,cirsium arvense,
Schoodic,finn,8/12/2023,sch863,100,3,marsh skullcap,scu gal,scutellaria galericulata,
Schoodic,finn,8/12/2023,sch863,100,3,red raspberry,rub ida,rubus idaeus,
Schoodic,finn,8/12/2023,sch863,100,3,unknown,unk,#36,
Schoodic,finn,8/12/2023,sch863,100,3,kentucky bluegrass,poa pra,poa pratensis,
Schoodic,finn,8/12/2023,sch863,100,3,seaside goldenrod,sol sem,solidago sempervirens,
Schoodic,finn,8/12/2023,sch863,100,3,hedge bindweed,cal sep,calystegia sepium,
Schoodic,finn,8/12/2023,sch863,100,3,common mouse-ear chickweed,cer fon,cerastium fontana,
Schoodic,finn,8/12/2023,sch760,25,1,rough cinquefoil,pot nor,potentilla norvegica,
Schoodic,finn,8/12/2023,sch760,25,1,stinging nettle,urt dio,urtica dioica,
Schoodic,finn,8/12/2023,sch760,25,1,unknown,unk,#13,
Schoodic,finn,8/12/2023,sch760,25,1,unknown,unk,#7,
Schoodic,finn,8/12/2023,sch760,25,1,dooryard dock,rum lon,rumex longifolius,
Schoodic,finn,8/12/2023,sch963,100,4,unknown,unk,#36,
Schoodic,finn,8/12/2023,sch963,100,4,red raspberry,rub ida,rubus idaeus,
Schoodic,finn,8/12/2023,sch963,100,4,spotted jewelweed,imp cap,impatiens capensis,
Schoodic,finn,8/12/2023,sch963,100,4,unknown,unk,lamiaceae #70,
